,player,nation_x,pos_x,squad_x,comp_x,age_x,mp_x,starts_x,min_x,90s_x,gls_x,ast_x,g&a_x,g_pk_x,pk_x,pkatt_x,crdy_x,crdr_x,xg_x,npxg_x,xag_x,npxg&xag_x,prgc_x,prgp_x,prgr_x,gls_x,ast_x,g&a_x,g_pk_x,g&a_pk_x,xg_x,xag_x,xg&xag_x,npxg_x,npxg&xag_x,agg_pos_x,nation_y,pos_y,squad_y,comp_y,age_y,mp_y,starts_y,min_y,90s_y,gls_y,ast_y,g&a_y,g_pk_y,pk_y,pkatt_y,crdy_y,crdr_y,xg_y,npxg_y,xag_y,npxg&xag_y,prgc_y,prgp_y,prgr_y,gls_y,ast_y,g&a_y,g_pk_y,g&a_pk_y,xg_y,xag_y,xg&xag_y,npxg_y,npxg&xag_y,agg_pos_y,mp_diff,starts_diff,min_diff
0,Matthis Abline,FRA,"FW,MF",Rennes, Ligue 1,19,11.0,0.0,107.0,1.2,1.0,0.0,1.0,1.0,0.0,0.0,0.0,0.0,0.8,0.8,0.3,1.0,4.0,2.0,11.0,0.84,0.0,0.84,0.84,0.84,0.65,0.22,0.87,0.65,0.87,FW,FRA,"FW,MF",Auxerre, Ligue 1,19,19.0,8.0,806.0,9.0,2.0,1.0,3.0,1.0,1.0,2.0,1.0,0.0,3.6,2.0,0.7,2.7,14.0,8.0,49.0,0.22,0.11,0.33,0.11,0.22,0.4,0.08,0.47,0.22,0.3,FW,-8.0,-8.0,-699.0
1,Naouirou Ahamada,FRA,MF,Stuttgart, Bundesliga,20,17.0,17.0,1398.0,15.5,2.0,2.0,4.0,2.0,0.0,0.0,4.0,1.0,0.8,0.8,1.2,2.1,43.0,56.0,54.0,0.13,0.13,0.26,0.13,0.26,0.05,0.08,0.13,0.05,0.13,MF,FRA,"MF,FW",Crystal Palace, Premier League,20,8.0,0.0,94.0,1.0,0.0,0.0,0.0,0.0,0.0,0.0,1.0,0.0,0.2,0.2,0.1,0.2,1.0,2.0,11.0,0.0,0.0,0.0,0.0,0.0,0.15,0.07,0.22,0.15,0.22,MF,9.0,17.0,1304.0
2,Ludovic Ajorque,FRA,"FW,MF",Mainz 05, Bundesliga,28,17.0,15.0,1211.0,13.5,6.0,1.0,7.0,6.0,0.0,0.0,5.0,0.0,4.6,4.6,1.7,6.4,5.0,31.0,85.0,0.45,0.07,0.52,0.45,0.52,0.34,0.13,0.47,0.34,0.47,FW,FRA,FW,Strasbourg, Ligue 1,28,13.0,9.0,771.0,8.6,1.0,0.0,1.0,0.0,1.0,1.0,1.0,0.0,3.4,2.6,0.9,3.5,2.0,13.0,55.0,0.12,0.0,0.12,0.0,0.0,0.39,0.1,0.5,0.3,0.4,FW,4.0,6.0,440.0
3,Bruno Amione,ARG,DF,Sampdoria, Serie A,20,26.0,25.0,2086.0,23.2,1.0,1.0,2.0,1.0,0.0,0.0,10.0,1.0,0.9,0.9,0.6,1.5,11.0,54.0,9.0,0.04,0.04,0.09,0.04,0.09,0.04,0.03,0.06,0.04,0.06,DF,ARG,DF,Hellas Verona, Serie A,20,1.0,1.0,58.0,0.6,0.0,0.0,0.0,0.0,0.0,0.0,1.0,0.0,0.0,0.0,0.0,0.0,0.0,0.0,0.0,0.0,0.0,0.0,0.0,0.0,0.0,0.0,0.0,0.0,0.0,DF,25.0,24.0,2028.0
4,Pierre-Emerick Aubameyang,GAB,FW,Barcelona, La Liga,33,1.0,0.0,9.0,0.1,0.0,0.0,0.0,0.0,0.0,0.0,0.0,0.0,0.1,0.1,0.0,0.1,0.0,0.0,0.0,0.0,0.0,0.0,0.0,0.0,1.18,0.0,1.18,1.18,1.18,FW,GAB,FW,Chelsea, Premier League,33,15.0,5.0,554.0,6.2,1.0,0.0,1.0,1.0,0.0,0.0,1.0,0.0,1.5,1.5,0.4,1.9,9.0,3.0,29.0,0.16,0.0,0.16,0.16,0.16,0.24,0.07,0.3,0.24,0.3,FW,-14.0,-5.0,-545.0
5,Ludwig Augustinsson,SWE,DF,Mallorca, La Liga,28,4.0,1.0,132.0,1.5,0.0,0.0,0.0,0.0,0.0,0.0,0.0,0.0,0.0,0.0,0.0,0.0,0.0,5.0,6.0,0.0,0.0,0.0,0.0,0.0,0.0,0.02,0.02,0.0,0.02,DF,SWE,DF,Aston Villa, Premier League,28,3.0,1.0,77.0,0.9,0.0,0.0,0.0,0.0,0.0,0.0,1.0,0.0,0.1,0.1,0.0,0.1,0.0,0.0,3.0,0.0,0.0,0.0,0.0,0.0,0.1,0.0,0.1,0.1,0.1,DF,1.0,0.0,55.0
6,Loic Bade,FRA,DF,Rennes, Ligue 1,22,1.0,1.0,90.0,1.0,0.0,1.0,1.0,0.0,0.0,0.0,1.0,0.0,0.2,0.2,0.1,0.3,0.0,3.0,0.0,0.0,1.0,1.0,0.0,1.0,0.2,0.06,0.26,0.2,0.26,DF,FRA,DF,Sevilla, La Liga,22,19.0,16.0,1449.0,16.1,1.0,0.0,1.0,1.0,0.0,0.0,4.0,0.0,0.3,0.3,0.1,0.4,7.0,42.0,2.0,0.06,0.0,0.06,0.06,0.06,0.02,0.01,0.02,0.02,0.02,DF,-18.0,-15.0,-1359.0
7,Benoit Badiashile,FRA,DF,Monaco, Ligue 1,21,11.0,9.0,839.0,9.3,2.0,0.0,2.0,2.0,0.0,0.0,3.0,0.0,0.6,0.6,0.4,1.0,3.0,39.0,0.0,0.21,0.0,0.21,0.21,0.21,0.07,0.04,0.11,0.07,0.11,DF,FRA,DF,Chelsea, Premier League,21,11.0,10.0,905.0,10.1,1.0,0.0,1.0,1.0,0.0,0.0,2.0,0.0,1.2,1.2,0.5,1.6,11.0,56.0,2.0,0.1,0.0,0.1,0.1,0.1,0.12,0.05,0.16,0.12,0.16,DF,0.0,-1.0,-66.0
8,Nedim Bajrami,ALB,"FW,MF",Sassuolo, Serie A,23,18.0,7.0,819.0,9.1,1.0,0.0,1.0,1.0,0.0,0.0,0.0,0.0,1.9,1.9,1.5,3.4,23.0,44.0,96.0,0.11,0.0,0.11,0.11,0.11,0.21,0.16,0.37,0.21,0.37,FW,ALB,"MF,FW",Empoli, Serie A,23,19.0,8.0,940.0,10.4,1.0,1.0,2.0,1.0,0.0,0.0,1.0,0.0,1.2,1.2,1.2,2.4,22.0,29.0,47.0,0.1,0.1,0.19,0.1,0.19,0.12,0.11,0.23,0.12,0.23,MF,-1.0,-1.0,-121.0
9,Antonin Barak,CZE,MF,Fiorentina, Serie A,27,30.0,21.0,1799.0,20.0,2.0,0.0,2.0,2.0,0.0,0.0,4.0,0.0,2.6,2.6,1.6,4.1,45.0,82.0,93.0,0.1,0.0,0.1,0.1,0.1,0.13,0.08,0.21,0.13,0.21,MF,CZE,MF,Hellas Verona, Serie A,27,1.0,0.0,25.0,0.3,0.0,0.0,0.0,0.0,0.0,0.0,0.0,0.0,0.0,0.0,0.0,0.0,0.0,2.0,1.0,0.0,0.0,0.0,0.0,0.0,0.0,0.0,0.0,0.0,0.0,MF,29.0,21.0,1774.0
10,Jan Bednarek,POL,DF,Aston Villa, Premier League,26,3.0,1.0,100.0,1.1,0.0,0.0,0.0,0.0,0.0,0.0,0.0,0.0,0.0,0.0,0.0,0.0,1.0,5.0,0.0,0.0,0.0,0.0,0.0,0.0,0.0,0.0,0.0,0.0,0.0,DF,POL,DF,Southampton, Premier League,26,20.0,20.0,1672.0,18.6,0.0,0.0,0.0,0.0,0.0,0.0,5.0,0.0,0.4,0.4,0.1,0.5,8.0,45.0,2.0,0.0,0.0,0.0,0.0,0.0,0.02,0.01,0.03,0.02,0.03,DF,-17.0,-19.0,-1572.0
11,Youcef Belaili,ALG,"FW,MF",Brest, Ligue 1,30,6.0,4.0,356.0,4.0,0.0,2.0,2.0,0.0,0.0,0.0,3.0,0.0,0.7,0.7,0.8,1.4,16.0,14.0,31.0,0.0,0.51,0.51,0.0,0.51,0.17,0.19,0.36,0.17,0.36,FW,ALG,"MF,FW",Ajaccio, Ligue 1,30,17.0,15.0,1150.0,12.8,6.0,3.0,9.0,1.0,5.0,6.0,2.0,0.0,6.2,1.8,3.5,5.3,32.0,55.0,68.0,0.47,0.23,0.7,0.08,0.31,0.48,0.27,0.76,0.14,0.42,MF,-11.0,-11.0,-794.0
12,Marco Benassi,ITA,MF,Cremonese, Serie A,27,15.0,11.0,998.0,11.1,0.0,0.0,0.0,0.0,0.0,0.0,1.0,0.0,1.3,1.3,0.4,1.7,10.0,27.0,30.0,0.0,0.0,0.0,0.0,0.0,0.12,0.04,0.16,0.12,0.16,MF,ITA,DF,Fiorentina, Serie A,27,2.0,1.0,93.0,1.0,0.0,0.0,0.0,0.0,0.0,0.0,0.0,0.0,0.0,0.0,0.1,0.1,0.0,9.0,6.0,0.0,0.0,0.0,0.0,0.0,0.0,0.09,0.09,0.0,0.09,DF,13.0,10.0,905.0
13,Bartosz Bereszynski,POL,DF,Napoli, Serie A,30,3.0,2.0,166.0,1.8,0.0,1.0,1.0,0.0,0.0,0.0,1.0,0.0,0.0,0.0,0.2,0.2,8.0,7.0,7.0,0.0,0.54,0.54,0.0,0.54,0.0,0.1,0.1,0.0,0.1,DF,POL,DF,Sampdoria, Serie A,30,15.0,15.0,1198.0,13.3,0.0,0.0,0.0,0.0,0.0,0.0,1.0,0.0,0.1,0.1,0.1,0.2,20.0,44.0,40.0,0.0,0.0,0.0,0.0,0.0,0.01,0.01,0.02,0.01,0.02,DF,-12.0,-13.0,-1032.0
14,El Bilal Toure,MLI,FW,Reims, Ligue 1,20,3.0,1.0,91.0,1.0,0.0,0.0,0.0,0.0,0.0,0.0,0.0,0.0,0.0,0.0,0.1,0.1,0.0,1.0,1.0,0.0,0.0,0.0,0.0,0.0,0.03,0.05,0.09,0.03,0.09,FW,MLI,FW,Almería, La Liga,20,21.0,15.0,1264.0,14.0,7.0,2.0,9.0,7.0,0.0,0.0,0.0,0.0,6.3,6.3,1.3,7.6,18.0,14.0,51.0,0.5,0.14,0.64,0.5,0.64,0.45,0.09,0.54,0.45,0.54,FW,-18.0,-14.0,-1173.0
15,Josip Brekalo,CRO,"MF,FW",Wolfsburg, Bundesliga,24,6.0,3.0,271.0,3.0,0.0,1.0,1.0,0.0,0.0,0.0,0.0,0.0,0.1,0.1,0.4,0.5,9.0,13.0,17.0,0.0,0.33,0.33,0.0,0.33,0.03,0.14,0.17,0.03,0.17,MF,CRO,"FW,MF",Fiorentina, Serie A,24,6.0,1.0,229.0,2.5,0.0,0.0,0.0,0.0,0.0,0.0,1.0,0.0,0.7,0.7,0.5,1.2,11.0,18.0,31.0,0.0,0.0,0.0,0.0,0.0,0.26,0.2,0.46,0.26,0.46,FW,0.0,2.0,42.0
16,Duje Caleta-Car,CRO,DF,Marseille, Ligue 1,25,1.0,0.0,8.0,0.1,0.0,0.0,0.0,0.0,0.0,0.0,0.0,0.0,0.0,0.0,0.0,0.0,0.0,0.0,0.0,0.0,0.0,0.0,0.0,0.0,0.0,0.0,0.0,0.0,0.0,DF,CRO,DF,Southampton, Premier League,25,13.0,9.0,946.0,10.5,1.0,0.0,1.0,1.0,0.0,0.0,2.0,0.0,0.8,0.8,0.0,0.8,5.0,33.0,0.0,0.1,0.0,0.1,0.1,0.1,0.08,0.0,0.08,0.08,0.08,DF,-12.0,-9.0,-938.0
17,Mohamed Camara,MLI,MF,Monaco, Ligue 1,22,29.0,25.0,2194.0,24.4,0.0,3.0,3.0,0.0,0.0,0.0,6.0,1.0,1.0,1.0,2.2,3.2,28.0,135.0,19.0,0.0,0.12,0.12,0.0,0.12,0.04,0.09,0.13,0.04,0.13,MF,GUI,MF,Roma, Serie A,25,15.0,8.0,696.0,7.7,0.0,0.0,0.0,0.0,0.0,0.0,3.0,0.0,0.6,0.6,0.4,1.0,13.0,30.0,14.0,0.0,0.0,0.0,0.0,0.0,0.08,0.05,0.13,0.08,0.13,MF,14.0,17.0,1498.0
18,Ousmane Camara,FRA,DF,Angers, Ligue 1,19,9.0,6.0,521.0,5.8,0.0,0.0,0.0,0.0,0.0,0.0,2.0,0.0,0.2,0.2,0.0,0.2,3.0,16.0,0.0,0.0,0.0,0.0,0.0,0.0,0.03,0.0,0.03,0.03,0.03,DF,GUI,"FW,MF",Auxerre, Ligue 1,20,3.0,0.0,24.0,0.3,0.0,0.0,0.0,0.0,0.0,0.0,1.0,0.0,0.1,0.1,0.2,0.3,2.0,2.0,1.0,0.0,0.0,0.0,0.0,0.0,0.19,0.83,1.01,0.19,1.01,FW,6.0,6.0,497.0
19,Joao Cancelo,POR,"DF,FW",Bayern Munich, Bundesliga,28,15.0,11.0,1012.0,11.2,1.0,4.0,5.0,1.0,0.0,0.0,3.0,0.0,0.7,0.7,2.3,3.0,51.0,61.0,90.0,0.09,0.36,0.44,0.09,0.44,0.06,0.21,0.26,0.06,0.26,DF,POR,DF,Manchester City, Premier League,28,17.0,16.0,1274.0,14.2,2.0,1.0,3.0,2.0,0.0,0.0,3.0,1.0,0.8,0.8,0.9,1.7,73.0,106.0,125.0,0.14,0.07,0.21,0.14,0.21,0.06,0.06,0.12,0.06,0.12,DF,-2.0,-5.0,-262.0
20,Francesco Caputo,ITA,FW,Empoli, Serie A,34,21.0,20.0,1708.0,19.0,5.0,4.0,9.0,3.0,2.0,2.0,1.0,0.0,7.5,5.9,2.2,8.1,16.0,21.0,128.0,0.26,0.21,0.47,0.16,0.37,0.39,0.12,0.51,0.31,0.43,FW,ITA,FW,Sampdoria, Serie A,34,15.0,13.0,1094.0,12.2,1.0,0.0,1.0,1.0,0.0,0.0,0.0,0.0,1.9,1.9,0.5,2.4,6.0,11.0,76.0,0.08,0.0,0.08,0.08,0.08,0.15,0.04,0.19,0.15,0.19,FW,6.0,7.0,614.0
21,Irvin Cardona,FRA,"MF,FW",Augsburg, Bundesliga,24,10.0,0.0,318.0,3.5,1.0,0.0,1.0,1.0,0.0,0.0,2.0,0.0,1.9,1.9,0.1,1.9,9.0,3.0,17.0,0.28,0.0,0.28,0.28,0.28,0.52,0.03,0.55,0.52,0.55,MF,FRA,"FW,MF",Brest, Ligue 1,24,10.0,1.0,233.0,2.6,0.0,0.0,0.0,0.0,0.0,0.0,0.0,0.0,0.2,0.2,0.3,0.5,3.0,4.0,14.0,0.0,0.0,0.0,0.0,0.0,0.08,0.12,0.2,0.08,0.2,FW,0.0,-1.0,85.0
22,Jose Carlos Lazo,ESP,"MF,FW",Espanyol, La Liga,26,10.0,0.0,159.0,1.8,1.0,1.0,2.0,1.0,0.0,0.0,0.0,0.0,0.2,0.2,0.2,0.5,2.0,4.0,10.0,0.57,0.57,1.13,0.57,1.13,0.13,0.13,0.26,0.13,0.26,MF,ESP,"MF,FW",Almería, La Liga,26,1.0,0.0,20.0,0.2,0.0,0.0,0.0,0.0,0.0,0.0,0.0,0.0,0.1,0.1,0.0,0.1,0.0,0.0,3.0,0.0,0.0,0.0,0.0,0.0,0.27,0.0,0.27,0.27,0.27,MF,9.0,0.0,139.0
23,Carmona,ESP,DF,Sevilla, La Liga,20,10.0,5.0,527.0,5.9,2.0,1.0,3.0,2.0,0.0,0.0,6.0,1.0,0.8,0.8,0.4,1.2,9.0,11.0,8.0,0.34,0.17,0.51,0.34,0.51,0.14,0.06,0.2,0.14,0.2,DF,ESP,"MF,DF",Elche, La Liga,20,9.0,8.0,589.0,6.5,1.0,0.0,1.0,1.0,0.0,0.0,5.0,1.0,0.4,0.4,0.1,0.5,8.0,10.0,27.0,0.15,0.0,0.15,0.15,0.15,0.06,0.02,0.08,0.06,0.08,MF,1.0,-3.0,-62.0
24,Casemiro,BRA,MF,Real Madrid, La Liga,30,1.0,0.0,8.0,0.1,0.0,0.0,0.0,0.0,0.0,0.0,0.0,0.0,0.0,0.0,0.0,0.0,0.0,0.0,0.0,0.0,0.0,0.0,0.0,0.0,0.0,0.0,0.0,0.0,0.0,MF,BRA,MF,Manchester Utd, Premier League,30,28.0,24.0,2124.0,23.6,4.0,3.0,7.0,4.0,0.0,0.0,7.0,2.0,3.4,3.4,3.1,6.5,14.0,152.0,34.0,0.17,0.13,0.3,0.17,0.3,0.14,0.13,0.28,0.14,0.28,MF,-27.0,-24.0,-2116.0
25,Alexis Claude-Maurice,FRA,"MF,FW",Lens, Ligue 1,24,20.0,5.0,604.0,6.7,5.0,3.0,8.0,5.0,0.0,0.0,0.0,0.0,2.6,2.6,1.3,3.9,11.0,25.0,43.0,0.75,0.45,1.19,0.75,1.19,0.39,0.19,0.58,0.39,0.58,MF,FRA,FW,Nice, Ligue 1,24,2.0,1.0,64.0,0.7,0.0,0.0,0.0,0.0,0.0,0.0,0.0,0.0,0.1,0.1,0.0,0.1,0.0,2.0,1.0,0.0,0.0,0.0,0.0,0.0,0.12,0.07,0.18,0.12,0.18,FW,18.0,4.0,540.0
26,Nicolas Cozza,FRA,DF,Wolfsburg, Bundesliga,23,5.0,0.0,100.0,1.1,0.0,0.0,0.0,0.0,0.0,0.0,0.0,0.0,0.0,0.0,0.0,0.0,2.0,4.0,2.0,0.0,0.0,0.0,0.0,0.0,0.0,0.0,0.0,0.0,0.0,DF,FRA,DF,Montpellier, Ligue 1,23,17.0,14.0,1277.0,14.2,2.0,1.0,3.0,2.0,0.0,0.0,3.0,0.0,1.4,1.4,0.8,2.1,20.0,48.0,34.0,0.14,0.07,0.21,0.14,0.21,0.1,0.05,0.15,0.1,0.15,DF,-12.0,-14.0,-1177.0
27,Matheus Cunha,BRA,"FW,MF",Atlético Madrid, La Liga,23,11.0,2.0,377.0,4.2,0.0,2.0,2.0,0.0,0.0,0.0,2.0,0.0,1.4,1.4,0.8,2.2,6.0,7.0,19.0,0.0,0.48,0.48,0.0,0.48,0.34,0.2,0.53,0.34,0.53,FW,BRA,FW,Wolves, Premier League,23,17.0,12.0,965.0,10.7,2.0,0.0,2.0,2.0,0.0,0.0,1.0,0.0,2.0,2.0,0.6,2.6,16.0,14.0,43.0,0.19,0.0,0.19,0.19,0.19,0.19,0.05,0.24,0.19,0.24,FW,-6.0,-10.0,-588.0
28,Flavius Daniliuc,AUT,DF,Nice, Ligue 1,21,2.0,1.0,91.0,1.0,0.0,0.0,0.0,0.0,0.0,0.0,0.0,0.0,0.0,0.0,0.1,0.1,2.0,4.0,3.0,0.0,0.0,0.0,0.0,0.0,0.0,0.05,0.05,0.0,0.05,DF,AUT,DF,Salernitana, Serie A,21,27.0,23.0,2195.0,24.4,0.0,2.0,2.0,0.0,0.0,0.0,9.0,0.0,0.6,0.6,0.5,1.2,14.0,70.0,5.0,0.0,0.08,0.08,0.0,0.08,0.03,0.02,0.05,0.03,0.05,DF,-25.0,-22.0,-2104.0
29,Danilo,BRA,DF,Juventus, Serie A,31,37.0,35.0,3184.0,35.4,3.0,3.0,6.0,3.0,0.0,0.0,5.0,0.0,2.8,2.8,2.4,5.2,39.0,176.0,43.0,0.08,0.08,0.17,0.08,0.17,0.08,0.07,0.15,0.08,0.15,DF,BRA,MF,Nott'ham Forest, Premier League,21,13.0,12.0,976.0,10.8,3.0,2.0,5.0,3.0,0.0,0.0,1.0,0.0,1.5,1.5,0.7,2.3,13.0,34.0,22.0,0.28,0.18,0.46,0.28,0.46,0.14,0.07,0.21,0.14,0.21,MF,24.0,23.0,2208.0
30,Arnaut Danjuma,NED,FW,Villarreal, La Liga,25,10.0,6.0,479.0,5.3,2.0,0.0,2.0,1.0,1.0,1.0,0.0,0.0,2.7,1.9,0.4,2.3,12.0,2.0,35.0,0.38,0.0,0.38,0.19,0.19,0.5,0.07,0.58,0.36,0.43,FW,NED,"FW,MF",Tottenham, Premier League,25,9.0,1.0,169.0,1.9,1.0,0.0,1.0,1.0,0.0,0.0,0.0,0.0,0.8,0.8,0.0,0.9,5.0,2.0,19.0,0.53,0.0,0.53,0.53,0.53,0.43,0.02,0.45,0.43,0.45,FW,1.0,5.0,310.0
31,Craig Dawson,ENG,DF,Wolves, Premier League,32,17.0,17.0,1414.0,15.7,1.0,0.0,1.0,1.0,0.0,0.0,4.0,0.0,1.0,1.0,0.0,1.0,5.0,44.0,1.0,0.06,0.0,0.06,0.06,0.06,0.06,0.0,0.06,0.06,0.06,DF,ENG,DF,West Ham, Premier League,32,8.0,8.0,720.0,8.0,0.0,0.0,0.0,0.0,0.0,0.0,2.0,0.0,0.5,0.5,0.1,0.6,0.0,18.0,1.0,0.0,0.0,0.0,0.0,0.0,0.06,0.01,0.07,0.06,0.07,DF,9.0,9.0,694.0
32,Thomas Delaney,DEN,MF,Hoffenheim, Bundesliga,30,6.0,4.0,298.0,3.3,0.0,0.0,0.0,0.0,0.0,0.0,0.0,0.0,0.1,0.1,0.0,0.1,0.0,14.0,3.0,0.0,0.0,0.0,0.0,0.0,0.03,0.01,0.04,0.03,0.04,MF,DEN,MF,Sevilla, La Liga,30,8.0,2.0,309.0,3.4,0.0,0.0,0.0,0.0,0.0,0.0,3.0,0.0,0.2,0.2,0.1,0.2,1.0,7.0,3.0,0.0,0.0,0.0,0.0,0.0,0.04,0.02,0.06,0.04,0.06,MF,-2.0,2.0,-11.0
33,Andy Delort,ALG,FW,Nantes, Ligue 1,30,12.0,6.0,469.0,5.2,0.0,0.0,0.0,0.0,0.0,0.0,0.0,0.0,2.5,2.5,0.7,3.3,2.0,9.0,44.0,0.0,0.0,0.0,0.0,0.0,0.49,0.14,0.63,0.49,0.63,FW,ALG,FW,Nice, Ligue 1,30,14.0,9.0,781.0,8.7,6.0,1.0,7.0,3.0,3.0,3.0,0.0,0.0,5.4,3.0,1.4,4.4,7.0,19.0,48.0,0.69,0.12,0.81,0.35,0.46,0.62,0.16,0.78,0.35,0.51,FW,-2.0,-3.0,-312.0
34,Siriki Dembele,CIV,"MF,FW",Auxerre, Ligue 1,25,12.0,4.0,372.0,4.1,0.0,0.0,0.0,0.0,0.0,0.0,1.0,0.0,0.3,0.3,1.0,1.3,14.0,9.0,29.0,0.0,0.0,0.0,0.0,0.0,0.07,0.23,0.3,0.07,0.3,MF,CIV,"FW,MF",Bournemouth, Premier League,25,6.0,0.0,110.0,1.2,0.0,0.0,0.0,0.0,0.0,0.0,0.0,0.0,0.2,0.2,0.3,0.5,5.0,4.0,11.0,0.0,0.0,0.0,0.0,0.0,0.15,0.25,0.41,0.15,0.41,FW,6.0,4.0,262.0
35,Leander Dendoncker,BEL,MF,Wolves, Premier League,27,4.0,2.0,214.0,2.4,0.0,0.0,0.0,0.0,0.0,0.0,0.0,0.0,0.7,0.7,0.0,0.7,1.0,6.0,3.0,0.0,0.0,0.0,0.0,0.0,0.27,0.02,0.29,0.27,0.29,MF,BEL,MF,Aston Villa, Premier League,27,20.0,7.0,697.0,7.7,0.0,0.0,0.0,0.0,0.0,0.0,0.0,0.0,0.1,0.1,0.5,0.5,1.0,18.0,2.0,0.0,0.0,0.0,0.0,0.0,0.01,0.06,0.07,0.01,0.07,MF,-16.0,-5.0,-483.0
36,Fabio Depaoli,ITA,"DF,MF",Sampdoria, Serie A,25,3.0,1.0,136.0,1.5,0.0,0.0,0.0,0.0,0.0,0.0,1.0,0.0,0.2,0.2,0.4,0.6,2.0,10.0,6.0,0.0,0.0,0.0,0.0,0.0,0.12,0.26,0.38,0.12,0.38,DF,ITA,DF,Hellas Verona, Serie A,25,31.0,24.0,2173.0,24.1,2.0,2.0,4.0,2.0,0.0,0.0,7.0,0.0,1.7,1.7,1.2,2.9,28.0,66.0,76.0,0.08,0.08,0.17,0.08,0.17,0.07,0.05,0.12,0.07,0.12,DF,-28.0,-23.0,-2037.0
37,Bamba Dieng,SEN,FW,Lorient, Ligue 1,22,15.0,9.0,747.0,8.3,3.0,0.0,3.0,2.0,1.0,1.0,1.0,0.0,4.9,4.1,0.6,4.7,4.0,7.0,48.0,0.36,0.0,0.36,0.24,0.24,0.59,0.08,0.67,0.5,0.57,FW,SEN,"FW,MF",Marseille, Ligue 1,22,10.0,1.0,194.0,2.2,1.0,0.0,1.0,1.0,0.0,0.0,1.0,0.0,1.5,1.5,0.1,1.6,5.0,1.0,23.0,0.46,0.0,0.46,0.46,0.46,0.71,0.04,0.76,0.71,0.76,FW,5.0,8.0,553.0
38,Sofiane Diop,FRA,MF,Monaco, Ligue 1,22,1.0,1.0,65.0,0.7,1.0,0.0,1.0,1.0,0.0,0.0,0.0,0.0,1.0,1.0,0.1,1.1,5.0,2.0,10.0,1.38,0.0,1.38,1.38,1.38,1.4,0.11,1.51,1.4,1.51,MF,FRA,"MF,FW",Nice, Ligue 1,22,22.0,14.0,1228.0,13.6,1.0,4.0,5.0,1.0,0.0,0.0,1.0,0.0,2.6,2.6,1.9,4.4,55.0,72.0,91.0,0.07,0.29,0.37,0.07,0.37,0.19,0.14,0.33,0.19,0.33,MF,-21.0,-13.0,-1163.0
39,Matt Doherty,IRL,DF,Atlético Madrid, La Liga,30,2.0,0.0,18.0,0.2,0.0,0.0,0.0,0.0,0.0,0.0,0.0,0.0,0.0,0.0,0.0,0.0,0.0,0.0,1.0,0.0,0.0,0.0,0.0,0.0,0.0,0.0,0.0,0.0,0.0,DF,IRL,"DF,MF",Tottenham, Premier League,30,12.0,7.0,667.0,7.4,1.0,0.0,1.0,1.0,0.0,0.0,0.0,0.0,0.8,0.8,0.3,1.0,16.0,20.0,57.0,0.13,0.0,0.13,0.13,0.13,0.1,0.04,0.14,0.1,0.14,DF,-10.0,-7.0,-649.0
40,Kasper Dolberg,DEN,"FW,MF",Hoffenheim, Bundesliga,24,13.0,4.0,402.0,4.5,1.0,0.0,1.0,1.0,0.0,0.0,0.0,0.0,0.5,0.5,0.4,0.9,4.0,4.0,20.0,0.22,0.0,0.22,0.22,0.22,0.11,0.1,0.21,0.11,0.21,FW,DEN,FW,Sevilla, La Liga,24,4.0,2.0,197.0,2.2,0.0,1.0,1.0,0.0,0.0,0.0,0.0,0.0,0.0,0.0,0.4,0.4,2.0,2.0,9.0,0.0,0.46,0.46,0.0,0.46,0.02,0.18,0.2,0.02,0.2,FW,9.0,2.0,205.0
41,Ondrej Duda,SVK,MF,Köln, Bundesliga,27,13.0,9.0,689.0,7.7,0.0,0.0,0.0,0.0,0.0,0.0,4.0,0.0,0.7,0.7,0.7,1.4,12.0,40.0,33.0,0.0,0.0,0.0,0.0,0.0,0.1,0.09,0.18,0.1,0.18,MF,SVK,MF,Hellas Verona, Serie A,27,15.0,11.0,1061.0,11.8,0.0,0.0,0.0,0.0,0.0,0.0,4.0,0.0,0.8,0.8,0.3,1.1,15.0,44.0,22.0,0.0,0.0,0.0,0.0,0.0,0.07,0.03,0.1,0.07,0.1,MF,-2.0,-2.0,-372.0
42,Ederson,BRA,MF,Atalanta, Serie A,23,35.0,25.0,2215.0,24.6,1.0,1.0,2.0,1.0,0.0,0.0,4.0,0.0,2.0,2.0,2.3,4.2,37.0,93.0,62.0,0.04,0.04,0.08,0.04,0.08,0.08,0.09,0.17,0.08,0.17,MF,BRA,GK,Manchester City, Premier League,28,35.0,35.0,3150.0,35.0,0.0,1.0,1.0,0.0,0.0,0.0,3.0,0.0,0.0,0.0,0.2,0.2,0.0,0.0,0.0,0.0,0.03,0.03,0.0,0.03,0.0,0.01,0.01,0.0,0.01,GK,0.0,-10.0,-935.0
43,Kingsley Ehizibue,NED,DF,Köln, Bundesliga,27,1.0,1.0,61.0,0.7,0.0,0.0,0.0,0.0,0.0,0.0,0.0,0.0,0.0,0.0,0.0,0.0,1.0,2.0,3.0,0.0,0.0,0.0,0.0,0.0,0.03,0.0,0.03,0.03,0.03,DF,NED,DF,Udinese, Serie A,27,27.0,16.0,1535.0,17.1,2.0,0.0,2.0,2.0,0.0,0.0,7.0,0.0,2.0,2.0,0.9,3.0,29.0,40.0,69.0,0.12,0.0,0.12,0.12,0.12,0.12,0.06,0.17,0.12,0.17,DF,-26.0,-15.0,-1474.0
44,Adri Embarba,ESP,FW,Espanyol, La Liga,30,1.0,0.0,35.0,0.4,0.0,0.0,0.0,0.0,0.0,0.0,0.0,0.0,0.1,0.1,0.0,0.1,1.0,0.0,2.0,0.0,0.0,0.0,0.0,0.0,0.2,0.0,0.2,0.2,0.2,FW,ESP,"FW,MF",Almería, La Liga,30,29.0,18.0,1472.0,16.4,4.0,3.0,7.0,3.0,1.0,1.0,5.0,1.0,3.8,3.1,3.4,6.4,62.0,47.0,115.0,0.24,0.18,0.43,0.18,0.37,0.23,0.21,0.44,0.19,0.39,FW,-28.0,-18.0,-1437.0
45,Gonzalo Escalante,ARG,MF,Cádiz, La Liga,29,14.0,13.0,1121.0,12.5,4.0,1.0,5.0,4.0,0.0,0.0,4.0,0.0,3.5,3.5,1.5,5.0,3.0,50.0,12.0,0.32,0.08,0.4,0.32,0.4,0.28,0.12,0.4,0.28,0.4,MF,ARG,MF,Cremonese, Serie A,29,9.0,7.0,555.0,6.2,0.0,1.0,1.0,0.0,0.0,0.0,0.0,1.0,0.2,0.2,0.2,0.4,3.0,30.0,8.0,0.0,0.16,0.16,0.0,0.16,0.03,0.04,0.07,0.03,0.07,MF,5.0,6.0,566.0
46,Wout Faes,BEL,DF,Reims, Ligue 1,24,3.0,3.0,270.0,3.0,0.0,0.0,0.0,0.0,0.0,0.0,2.0,0.0,0.0,0.0,0.0,0.0,1.0,8.0,1.0,0.0,0.0,0.0,0.0,0.0,0.0,0.0,0.0,0.0,0.0,DF,BEL,DF,Leicester City, Premier League,24,31.0,31.0,2786.0,31.0,1.0,2.0,3.0,1.0,0.0,0.0,6.0,1.0,1.2,1.2,0.6,1.9,11.0,74.0,2.0,0.03,0.06,0.1,0.03,0.1,0.04,0.02,0.06,0.04,0.06,DF,-28.0,-28.0,-2516.0
47,Romain Faivre,FRA,MF,Lyon, Ligue 1,24,10.0,3.0,300.0,3.3,0.0,1.0,1.0,0.0,0.0,0.0,0.0,0.0,0.2,0.2,0.3,0.5,14.0,24.0,16.0,0.0,0.3,0.3,0.0,0.3,0.05,0.09,0.14,0.05,0.14,MF,FRA,"MF,FW",Lorient, Ligue 1,24,16.0,14.0,1246.0,13.8,5.0,3.0,8.0,5.0,0.0,0.0,0.0,0.0,2.7,2.7,2.1,4.8,77.0,67.0,66.0,0.36,0.22,0.58,0.36,0.58,0.19,0.15,0.34,0.19,0.34,MF,-6.0,-11.0,-946.0
48,Felipe,BRA,DF,Atlético Madrid, La Liga,33,3.0,2.0,194.0,2.2,0.0,0.0,0.0,0.0,0.0,0.0,0.0,0.0,0.0,0.0,0.0,0.1,2.0,20.0,1.0,0.0,0.0,0.0,0.0,0.0,0.02,0.01,0.03,0.02,0.03,DF,BRA,DF,Nott'ham Forest, Premier League,33,16.0,15.0,1418.0,15.8,0.0,1.0,1.0,0.0,0.0,0.0,4.0,0.0,1.2,1.2,0.9,2.1,3.0,22.0,4.0,0.0,0.06,0.06,0.0,0.06,0.07,0.06,0.13,0.07,0.13,DF,-13.0,-13.0,-1224.0
49,Joao Felix,POR,"FW,MF",Atlético Madrid, La Liga,22,14.0,7.0,650.0,7.2,4.0,3.0,7.0,4.0,0.0,0.0,5.0,0.0,2.6,2.6,1.4,4.0,17.0,27.0,42.0,0.55,0.42,0.97,0.55,0.97,0.36,0.2,0.56,0.36,0.56,FW,POR,"FW,MF",Chelsea, Premier League,22,16.0,11.0,941.0,10.5,4.0,0.0,4.0,4.0,0.0,0.0,1.0,1.0,4.9,4.9,0.5,5.4,34.0,47.0,79.0,0.38,0.0,0.38,0.38,0.38,0.47,0.05,0.52,0.47,0.52,FW,-2.0,-4.0,-291.0
50,Fernando,BRA,"MF,DF",Sevilla, La Liga,35,22.0,19.0,1577.0,17.5,0.0,1.0,1.0,0.0,0.0,0.0,3.0,1.0,0.2,0.2,0.7,0.9,6.0,67.0,13.0,0.0,0.06,0.06,0.0,0.06,0.01,0.04,0.05,0.01,0.05,MF,ESP,GK,Almería, La Liga,32,37.0,37.0,3285.0,36.5,0.0,0.0,0.0,0.0,0.0,0.0,3.0,0.0,0.0,0.0,0.0,0.0,0.0,0.0,0.0,0.0,0.0,0.0,0.0,0.0,0.0,0.0,0.0,0.0,0.0,GK,-15.0,-18.0,-1708.0
51,Alex Ferrari,ITA,DF,Cremonese, Serie A,28,16.0,13.0,1007.0,11.2,0.0,0.0,0.0,0.0,0.0,0.0,3.0,0.0,0.0,0.0,0.1,0.1,2.0,27.0,5.0,0.0,0.0,0.0,0.0,0.0,0.0,0.01,0.01,0.0,0.01,DF,ITA,DF,Sampdoria, Serie A,28,12.0,10.0,868.0,9.6,0.0,0.0,0.0,0.0,0.0,0.0,3.0,0.0,0.2,0.2,0.4,0.5,7.0,25.0,3.0,0.0,0.0,0.0,0.0,0.0,0.02,0.04,0.06,0.02,0.06,DF,4.0,3.0,139.0
52,Wesley Fofana,FRA,DF,Chelsea, Premier League,21,15.0,12.0,1183.0,13.1,1.0,0.0,1.0,1.0,0.0,0.0,3.0,0.0,0.7,0.7,0.1,0.8,29.0,43.0,12.0,0.08,0.0,0.08,0.08,0.08,0.05,0.0,0.06,0.05,0.06,DF,FRA,DF,Leicester City, Premier League,21,2.0,2.0,180.0,2.0,0.0,0.0,0.0,0.0,0.0,0.0,1.0,0.0,0.1,0.1,0.0,0.1,3.0,6.0,1.0,0.0,0.0,0.0,0.0,0.0,0.06,0.0,0.06,0.06,0.06,DF,13.0,10.0,1003.0
53,Angelo Fulgini,FRA,MF,Mainz 05, Bundesliga,25,16.0,5.0,525.0,5.8,0.0,1.0,1.0,0.0,0.0,0.0,1.0,0.0,0.6,0.6,0.8,1.4,3.0,29.0,43.0,0.0,0.17,0.17,0.0,0.17,0.1,0.13,0.23,0.1,0.23,MF,FRA,"MF,FW",Lens, Ligue 1,25,17.0,12.0,858.0,9.5,1.0,1.0,2.0,1.0,0.0,0.0,0.0,0.0,1.3,1.3,2.7,4.0,20.0,43.0,70.0,0.1,0.1,0.21,0.1,0.21,0.13,0.29,0.42,0.13,0.42,MF,-1.0,-7.0,-333.0
54,Ignatius Ganago,CMR,FW,Lens, Ligue 1,23,4.0,0.0,59.0,0.7,0.0,0.0,0.0,0.0,0.0,0.0,0.0,0.0,0.0,0.0,0.0,0.0,0.0,3.0,3.0,0.0,0.0,0.0,0.0,0.0,0.07,0.0,0.07,0.07,0.07,FW,CMR,"FW,MF",Nantes, Ligue 1,23,28.0,16.0,1520.0,16.9,5.0,3.0,8.0,5.0,0.0,0.0,0.0,0.0,3.7,3.7,1.7,5.4,27.0,20.0,101.0,0.3,0.18,0.47,0.3,0.47,0.22,0.1,0.32,0.22,0.32,FW,-24.0,-16.0,-1461.0
55,Morgan Gibbs-White,ENG,"MF,FW",Nott'ham Forest, Premier League,22,35.0,34.0,2971.0,33.0,5.0,8.0,13.0,3.0,2.0,2.0,5.0,0.0,6.0,4.4,8.2,12.7,69.0,131.0,157.0,0.15,0.24,0.39,0.09,0.33,0.18,0.25,0.43,0.13,0.38,MF,ENG,"FW,MF",Wolves, Premier League,22,2.0,2.0,180.0,2.0,0.0,0.0,0.0,0.0,0.0,0.0,1.0,0.0,0.7,0.7,0.1,0.8,4.0,12.0,12.0,0.0,0.0,0.0,0.0,0.0,0.36,0.04,0.4,0.36,0.4,FW,33.0,32.0,2791.0
56,Bryan Gil,ESP,"FW,DF",Sevilla, La Liga,21,17.0,10.0,918.0,10.2,2.0,2.0,4.0,2.0,0.0,0.0,4.0,0.0,2.9,2.9,0.7,3.5,28.0,22.0,75.0,0.2,0.2,0.39,0.2,0.39,0.28,0.07,0.35,0.28,0.35,FW,ESP,"MF,FW",Tottenham, Premier League,21,4.0,2.0,148.0,1.6,0.0,1.0,1.0,0.0,0.0,0.0,1.0,0.0,0.1,0.1,0.2,0.3,4.0,5.0,15.0,0.0,0.61,0.61,0.0,0.61,0.06,0.11,0.17,0.06,0.17,MF,13.0,8.0,770.0
57,Pierluigi Gollini,ITA,GK,Napoli, Serie A,27,4.0,4.0,360.0,4.0,0.0,0.0,0.0,0.0,0.0,0.0,0.0,0.0,0.0,0.0,0.0,0.0,0.0,0.0,0.0,0.0,0.0,0.0,0.0,0.0,0.0,0.0,0.0,0.0,0.0,GK,ITA,GK,Fiorentina, Serie A,27,3.0,3.0,270.0,3.0,0.0,0.0,0.0,0.0,0.0,0.0,0.0,0.0,0.0,0.0,0.0,0.0,0.0,0.0,0.0,0.0,0.0,0.0,0.0,0.0,0.0,0.0,0.0,0.0,0.0,GK,1.0,1.0,90.0
58,Nicolas Gonzalez,ESP,MF,Valencia, La Liga,20,26.0,18.0,1405.0,15.6,1.0,1.0,2.0,1.0,0.0,0.0,2.0,0.0,1.5,1.5,1.3,2.8,21.0,81.0,17.0,0.06,0.06,0.13,0.06,0.13,0.1,0.09,0.18,0.1,0.18,MF,ARG,"FW,MF",Fiorentina, Serie A,24,24.0,13.0,1354.0,15.0,6.0,1.0,7.0,4.0,2.0,2.0,3.0,0.0,6.7,5.4,1.3,6.7,37.0,70.0,112.0,0.4,0.07,0.47,0.27,0.33,0.45,0.09,0.53,0.36,0.45,FW,2.0,5.0,51.0
59,Anthony Gordon,ENG,FW,Everton, Premier League,21,16.0,12.0,1095.0,12.2,3.0,0.0,3.0,3.0,0.0,0.0,6.0,0.0,3.3,3.3,0.6,3.9,28.0,19.0,67.0,0.25,0.0,0.25,0.25,0.25,0.27,0.05,0.32,0.27,0.32,FW,ENG,"FW,MF",Newcastle Utd, Premier League,21,16.0,4.0,487.0,5.4,1.0,0.0,1.0,1.0,0.0,0.0,1.0,0.0,1.7,1.7,0.9,2.6,20.0,15.0,45.0,0.18,0.0,0.18,0.18,0.18,0.31,0.17,0.48,0.31,0.48,FW,0.0,8.0,608.0
60,Amine Gouiri,ALG,"FW,MF",Rennes, Ligue 1,22,33.0,29.0,2523.0,28.0,15.0,3.0,18.0,15.0,0.0,0.0,4.0,0.0,11.1,11.1,4.3,15.4,63.0,70.0,205.0,0.54,0.11,0.64,0.54,0.64,0.4,0.15,0.55,0.4,0.55,FW,ALG,"FW,MF",Nice, Ligue 1,22,3.0,3.0,226.0,2.5,0.0,0.0,0.0,0.0,0.0,0.0,0.0,0.0,0.6,0.6,0.3,0.8,8.0,1.0,18.0,0.0,0.0,0.0,0.0,0.0,0.23,0.1,0.33,0.23,0.33,FW,30.0,26.0,2297.0
61,Andrew Gravillon,GLP,DF,Reims, Ligue 1,24,13.0,12.0,1038.0,11.5,0.0,0.0,0.0,0.0,0.0,0.0,3.0,0.0,0.8,0.8,0.4,1.1,18.0,38.0,14.0,0.0,0.0,0.0,0.0,0.0,0.07,0.03,0.1,0.07,0.1,DF,GLP,DF,Torino, Serie A,24,7.0,4.0,312.0,3.5,0.0,0.0,0.0,0.0,0.0,0.0,2.0,0.0,0.0,0.0,0.0,0.0,1.0,9.0,0.0,0.0,0.0,0.0,0.0,0.0,0.0,0.0,0.0,0.0,0.0,DF,6.0,8.0,726.0
62,Sergi Guardiola,ESP,FW,Cádiz, La Liga,31,17.0,14.0,1165.0,12.9,3.0,0.0,3.0,3.0,0.0,0.0,2.0,0.0,3.4,3.4,0.5,3.9,12.0,28.0,55.0,0.23,0.0,0.23,0.23,0.23,0.26,0.04,0.3,0.26,0.3,FW,ESP,FW,Valladolid, La Liga,31,14.0,8.0,502.0,5.6,0.0,0.0,0.0,0.0,0.0,0.0,1.0,0.0,1.0,1.0,0.1,1.2,7.0,3.0,20.0,0.0,0.0,0.0,0.0,0.0,0.18,0.03,0.21,0.18,0.21,FW,3.0,6.0,663.0
63,Pape Gueye,SEN,"MF,DF",Marseille, Ligue 1,23,14.0,4.0,492.0,5.5,1.0,1.0,2.0,1.0,0.0,0.0,1.0,0.0,0.7,0.7,0.9,1.6,9.0,31.0,13.0,0.18,0.18,0.37,0.18,0.37,0.13,0.16,0.29,0.13,0.29,MF,SEN,MF,Sevilla, La Liga,23,16.0,15.0,1171.0,13.0,1.0,3.0,4.0,1.0,0.0,0.0,6.0,3.0,1.3,1.3,1.2,2.4,9.0,59.0,27.0,0.08,0.23,0.31,0.08,0.31,0.1,0.09,0.18,0.1,0.18,MF,-2.0,-11.0,-679.0
64,Serhou Guirassy,GUI,FW,Stuttgart, Bundesliga,26,22.0,20.0,1646.0,18.3,11.0,0.0,11.0,9.0,2.0,2.0,4.0,1.0,10.8,9.2,1.4,10.6,20.0,30.0,97.0,0.6,0.0,0.6,0.49,0.49,0.59,0.08,0.67,0.5,0.58,FW,GUI,MF,Rennes, Ligue 1,26,1.0,0.0,23.0,0.3,0.0,0.0,0.0,0.0,0.0,0.0,0.0,0.0,0.1,0.1,0.1,0.3,0.0,0.0,6.0,0.0,0.0,0.0,0.0,0.0,0.44,0.57,1.0,0.44,1.0,MF,21.0,20.0,1623.0
65,Koray Gunter,GER,DF,Sampdoria, Serie A,27,10.0,8.0,776.0,8.6,0.0,0.0,0.0,0.0,0.0,0.0,2.0,0.0,0.1,0.1,0.2,0.3,4.0,21.0,2.0,0.0,0.0,0.0,0.0,0.0,0.01,0.02,0.03,0.01,0.03,DF,GER,DF,Hellas Verona, Serie A,27,13.0,11.0,1003.0,11.1,1.0,0.0,1.0,1.0,0.0,0.0,3.0,0.0,0.9,0.9,0.9,1.9,7.0,36.0,3.0,0.09,0.0,0.09,0.09,0.09,0.08,0.08,0.17,0.08,0.17,DF,-3.0,-3.0,-227.0
66,Genki Haraguchi,JPN,MF,Union Berlin, Bundesliga,31,11.0,6.0,498.0,5.5,0.0,0.0,0.0,0.0,0.0,0.0,0.0,0.0,0.3,0.3,0.3,0.5,6.0,17.0,18.0,0.0,0.0,0.0,0.0,0.0,0.05,0.05,0.09,0.05,0.09,MF,JPN,MF,Stuttgart, Bundesliga,31,11.0,9.0,748.0,8.3,0.0,2.0,2.0,0.0,0.0,0.0,1.0,0.0,0.3,0.3,0.7,1.0,16.0,30.0,28.0,0.0,0.24,0.24,0.0,0.24,0.03,0.08,0.12,0.03,0.12,MF,0.0,-3.0,-250.0
67,Martin Hongla,CMR,"DF,MF",Valladolid, La Liga,24,16.0,15.0,1306.0,14.5,0.0,0.0,0.0,0.0,0.0,0.0,7.0,2.0,0.0,0.0,0.3,0.3,6.0,50.0,5.0,0.0,0.0,0.0,0.0,0.0,0.0,0.02,0.02,0.0,0.02,DF,CMR,MF,Hellas Verona, Serie A,24,9.0,6.0,523.0,5.8,0.0,0.0,0.0,0.0,0.0,0.0,4.0,0.0,0.2,0.2,0.3,0.5,6.0,24.0,10.0,0.0,0.0,0.0,0.0,0.0,0.03,0.05,0.08,0.03,0.08,MF,7.0,9.0,783.0
68,Ivan Ilic,SRB,MF,Torino, Serie A,21,14.0,13.0,1177.0,13.1,2.0,2.0,4.0,2.0,0.0,0.0,3.0,0.0,0.2,0.2,1.1,1.3,29.0,66.0,28.0,0.15,0.15,0.31,0.15,0.31,0.02,0.08,0.1,0.02,0.1,MF,SRB,MF,Hellas Verona, Serie A,21,11.0,10.0,851.0,9.5,0.0,1.0,1.0,0.0,0.0,0.0,1.0,0.0,0.4,0.4,1.0,1.4,18.0,39.0,20.0,0.0,0.11,0.11,0.0,0.11,0.04,0.1,0.14,0.04,0.14,MF,3.0,3.0,326.0
69,Emirhan Ilkhan,TUR,MF,Sampdoria, Serie A,18,8.0,0.0,113.0,1.3,0.0,0.0,0.0,0.0,0.0,0.0,0.0,0.0,0.0,0.0,0.1,0.1,1.0,5.0,8.0,0.0,0.0,0.0,0.0,0.0,0.02,0.05,0.08,0.02,0.08,MF,TUR,MF,Torino, Serie A,18,4.0,1.0,87.0,1.0,0.0,0.0,0.0,0.0,0.0,0.0,1.0,0.0,0.0,0.0,0.1,0.1,2.0,8.0,3.0,0.0,0.0,0.0,0.0,0.0,0.05,0.1,0.14,0.05,0.14,MF,4.0,-1.0,26.0
70,Danny Ings,ENG,FW,Aston Villa, Premier League,30,18.0,8.0,824.0,9.2,6.0,0.0,6.0,4.0,2.0,2.0,3.0,0.0,5.3,3.8,1.2,5.0,15.0,12.0,46.0,0.66,0.0,0.66,0.44,0.44,0.59,0.13,0.71,0.41,0.54,FW,ENG,FW,West Ham, Premier League,30,17.0,7.0,775.0,8.6,2.0,2.0,4.0,2.0,0.0,0.0,1.0,0.0,3.0,3.0,1.0,4.0,9.0,12.0,44.0,0.23,0.23,0.46,0.23,0.46,0.35,0.12,0.47,0.35,0.47,FW,1.0,1.0,49.0
71,Alexander Isak,SWE,FW,Real Sociedad, La Liga,22,2.0,2.0,152.0,1.7,1.0,0.0,1.0,1.0,0.0,0.0,0.0,0.0,0.2,0.2,0.1,0.3,3.0,3.0,11.0,0.59,0.0,0.59,0.59,0.59,0.12,0.06,0.18,0.12,0.18,FW,SWE,FW,Newcastle Utd, Premier League,22,22.0,17.0,1522.0,16.9,10.0,1.0,11.0,8.0,2.0,2.0,3.0,0.0,8.2,6.7,2.2,8.9,41.0,48.0,122.0,0.59,0.06,0.65,0.47,0.53,0.49,0.13,0.62,0.4,0.52,FW,-20.0,-15.0,-1370.0
72,Daniel James,WAL,FW,Fulham, Premier League,24,20.0,5.0,621.0,6.9,2.0,1.0,3.0,2.0,0.0,0.0,0.0,0.0,1.7,1.7,0.7,2.5,24.0,15.0,48.0,0.29,0.14,0.43,0.29,0.43,0.25,0.11,0.36,0.25,0.36,FW,WAL,FW,Leeds United, Premier League,24,4.0,2.0,198.0,2.2,0.0,0.0,0.0,0.0,0.0,0.0,0.0,0.0,0.3,0.3,0.3,0.6,6.0,3.0,9.0,0.0,0.0,0.0,0.0,0.0,0.12,0.15,0.27,0.12,0.27,FW,16.0,3.0,423.0
73,Luis Javier Suarez,COL,FW,Marseille, Ligue 1,24,7.0,2.0,293.0,3.3,3.0,1.0,4.0,3.0,0.0,0.0,1.0,0.0,2.4,2.4,0.4,2.8,5.0,11.0,17.0,0.92,0.31,1.23,0.92,1.23,0.74,0.11,0.85,0.74,0.85,FW,COL,FW,Almería, La Liga,24,21.0,18.0,1490.0,16.6,4.0,4.0,8.0,4.0,0.0,0.0,4.0,1.0,4.4,4.4,2.1,6.5,29.0,26.0,87.0,0.24,0.24,0.48,0.24,0.48,0.26,0.13,0.39,0.26,0.39,FW,-14.0,-16.0,-1197.0
74,Jorginho,ITA,MF,Chelsea, Premier League,30,18.0,15.0,1279.0,14.2,2.0,0.0,2.0,0.0,2.0,2.0,4.0,0.0,1.7,0.1,0.4,0.5,13.0,80.0,10.0,0.14,0.0,0.14,0.0,0.0,0.12,0.03,0.14,0.01,0.03,MF,ITA,MF,Arsenal, Premier League,30,14.0,9.0,855.0,9.5,0.0,1.0,1.0,0.0,0.0,0.0,0.0,0.0,0.2,0.2,0.2,0.4,15.0,99.0,8.0,0.0,0.11,0.11,0.0,0.11,0.02,0.02,0.04,0.02,0.04,MF,4.0,6.0,424.0
75,Hamed Junior Traore,CIV,"MF,FW",Sassuolo, Serie A,22,11.0,6.0,591.0,6.6,0.0,3.0,3.0,0.0,0.0,0.0,1.0,0.0,1.0,1.0,1.8,2.7,14.0,26.0,36.0,0.0,0.46,0.46,0.0,0.46,0.15,0.27,0.41,0.15,0.41,MF,CIV,"FW,MF",Bournemouth, Premier League,22,7.0,5.0,427.0,4.7,0.0,0.0,0.0,0.0,0.0,0.0,0.0,0.0,0.9,0.9,1.1,2.1,19.0,26.0,21.0,0.0,0.0,0.0,0.0,0.0,0.19,0.24,0.43,0.19,0.43,FW,4.0,1.0,164.0
76,Sasa Kalajdzic,AUT,FW,Stuttgart, Bundesliga,25,3.0,3.0,233.0,2.6,0.0,3.0,3.0,0.0,0.0,0.0,1.0,0.0,0.5,0.5,0.6,1.1,0.0,4.0,13.0,0.0,1.16,1.16,0.0,1.16,0.19,0.24,0.44,0.19,0.44,FW,AUT,FW,Wolves, Premier League,25,1.0,1.0,45.0,0.5,0.0,0.0,0.0,0.0,0.0,0.0,0.0,0.0,0.3,0.3,0.0,0.3,0.0,0.0,1.0,0.0,0.0,0.0,0.0,0.0,0.53,0.0,0.53,0.53,0.53,FW,2.0,2.0,188.0
77,Jakub Kiwior,POL,DF,Spezia, Serie A,22,17.0,17.0,1443.0,16.0,0.0,0.0,0.0,0.0,0.0,0.0,3.0,0.0,0.6,0.6,0.2,0.8,13.0,37.0,6.0,0.0,0.0,0.0,0.0,0.0,0.04,0.01,0.05,0.04,0.05,DF,POL,DF,Arsenal, Premier League,22,7.0,5.0,427.0,4.7,1.0,0.0,1.0,1.0,0.0,0.0,0.0,0.0,0.1,0.1,0.0,0.1,0.0,6.0,6.0,0.21,0.0,0.21,0.21,0.21,0.02,0.01,0.03,0.02,0.03,DF,10.0,12.0,1016.0
78,Filip Kostic,SRB,"DF,MF",Eint Frankfurt, Bundesliga,29,1.0,1.0,74.0,0.8,0.0,0.0,0.0,0.0,0.0,0.0,1.0,0.0,0.0,0.0,0.1,0.1,3.0,4.0,3.0,0.0,0.0,0.0,0.0,0.0,0.03,0.08,0.11,0.03,0.11,DF,SRB,"DF,FW",Juventus, Serie A,29,37.0,33.0,2564.0,28.5,3.0,8.0,11.0,3.0,0.0,0.0,3.0,0.0,2.4,2.4,7.1,9.4,101.0,78.0,230.0,0.11,0.28,0.39,0.11,0.39,0.08,0.25,0.33,0.08,0.33,DF,-36.0,-32.0,-2490.0
79,Giorgos Kyriakopoulos,GRE,"FW,DF",Sassuolo, Serie A,26,12.0,9.0,766.0,8.5,1.0,1.0,2.0,1.0,0.0,0.0,3.0,0.0,1.1,1.1,1.4,2.5,17.0,32.0,46.0,0.12,0.12,0.23,0.12,0.23,0.13,0.17,0.29,0.13,0.29,FW,GRE,"DF,FW",Bologna, Serie A,26,12.0,8.0,704.0,7.8,0.0,2.0,2.0,0.0,0.0,0.0,2.0,0.0,0.2,0.2,0.8,1.0,21.0,23.0,50.0,0.0,0.26,0.26,0.0,0.26,0.03,0.1,0.13,0.03,0.13,DF,0.0,1.0,62.0
80,Gaetan Laborde,FRA,FW,Rennes, Ligue 1,28,4.0,3.0,249.0,2.8,2.0,0.0,2.0,2.0,0.0,0.0,0.0,0.0,1.7,1.7,0.2,1.9,8.0,5.0,20.0,0.72,0.0,0.72,0.72,0.72,0.62,0.07,0.69,0.62,0.69,FW,FRA,FW,Nice, Ligue 1,28,33.0,28.0,2506.0,27.8,13.0,3.0,16.0,13.0,0.0,1.0,0.0,0.0,11.8,11.0,5.8,16.9,54.0,53.0,196.0,0.47,0.11,0.57,0.47,0.57,0.42,0.21,0.63,0.4,0.61,FW,-29.0,-25.0,-2257.0
81,Sam Lammers,NED,FW,Empoli, Serie A,25,14.0,10.0,883.0,9.8,1.0,1.0,2.0,1.0,0.0,0.0,0.0,0.0,2.3,2.3,0.7,2.9,9.0,19.0,67.0,0.1,0.1,0.2,0.1,0.2,0.23,0.07,0.3,0.23,0.3,FW,NED,FW,Sampdoria, Serie A,25,19.0,13.0,1100.0,12.2,1.0,1.0,2.0,1.0,0.0,0.0,1.0,0.0,2.5,2.5,1.2,3.7,17.0,19.0,65.0,0.08,0.08,0.16,0.08,0.16,0.2,0.1,0.3,0.2,0.3,FW,-5.0,-3.0,-217.0
82,Armand Lauriente,FRA,FW,Lorient, Ligue 1,23,3.0,3.0,266.0,3.0,1.0,0.0,1.0,1.0,0.0,0.0,0.0,0.0,1.8,1.8,1.1,2.9,14.0,14.0,21.0,0.34,0.0,0.34,0.34,0.34,0.6,0.38,0.98,0.6,0.98,FW,FRA,FW,Sassuolo, Serie A,23,28.0,27.0,2175.0,24.2,7.0,6.0,13.0,6.0,1.0,1.0,10.0,1.0,4.7,3.9,6.2,10.1,127.0,90.0,263.0,0.29,0.25,0.54,0.25,0.5,0.19,0.26,0.45,0.16,0.42,FW,-25.0,-24.0,-1909.0
83,Benjamin Lecomte,FRA,GK,Montpellier, Ligue 1,31,19.0,19.0,1710.0,19.0,0.0,0.0,0.0,0.0,0.0,0.0,0.0,0.0,0.0,0.0,0.1,0.1,0.0,0.0,0.0,0.0,0.0,0.0,0.0,0.0,0.0,0.0,0.0,0.0,0.0,GK,FRA,GK,Espanyol, La Liga,31,10.0,10.0,899.0,10.0,0.0,0.0,0.0,0.0,0.0,0.0,1.0,1.0,0.0,0.0,0.1,0.1,0.0,0.0,0.0,0.0,0.0,0.0,0.0,0.0,0.0,0.01,0.01,0.0,0.01,GK,9.0,9.0,811.0
84,Mario Lemina,GAB,"MF,DF",Nice, Ligue 1,28,14.0,11.0,838.0,9.3,0.0,0.0,0.0,0.0,0.0,0.0,1.0,1.0,0.3,0.3,0.1,0.4,14.0,46.0,10.0,0.0,0.0,0.0,0.0,0.0,0.03,0.01,0.04,0.03,0.04,MF,GAB,MF,Wolves, Premier League,28,19.0,17.0,1299.0,14.4,0.0,1.0,1.0,0.0,0.0,0.0,4.0,1.0,0.3,0.3,0.3,0.6,6.0,42.0,9.0,0.0,0.07,0.07,0.0,0.07,0.02,0.02,0.04,0.02,0.04,MF,-5.0,-6.0,-461.0
85,Diego Llorente,ESP,DF,Roma, Serie A,28,9.0,5.0,573.0,6.4,0.0,0.0,0.0,0.0,0.0,0.0,0.0,0.0,0.4,0.4,0.1,0.5,2.0,12.0,3.0,0.0,0.0,0.0,0.0,0.0,0.06,0.01,0.07,0.06,0.07,DF,ESP,DF,Leeds United, Premier League,28,8.0,7.0,649.0,7.2,0.0,0.0,0.0,0.0,0.0,0.0,1.0,0.0,0.7,0.7,0.0,0.7,2.0,27.0,1.0,0.0,0.0,0.0,0.0,0.0,0.1,0.0,0.1,0.1,0.1,DF,1.0,-2.0,-76.0
86,Bradley Locko,FRA,DF,Brest, Ligue 1,20,7.0,2.0,270.0,3.0,0.0,0.0,0.0,0.0,0.0,0.0,0.0,0.0,0.0,0.0,0.2,0.2,11.0,7.0,5.0,0.0,0.0,0.0,0.0,0.0,0.0,0.05,0.05,0.0,0.05,DF,FRA,DF,Reims, Ligue 1,20,15.0,13.0,1059.0,11.8,0.0,0.0,0.0,0.0,0.0,0.0,3.0,1.0,0.2,0.2,0.5,0.7,31.0,55.0,39.0,0.0,0.0,0.0,0.0,0.0,0.02,0.05,0.06,0.02,0.06,DF,-8.0,-11.0,-789.0
87,Diego Lopez,ESP,"FW,MF",Valencia, La Liga,20,10.0,5.0,447.0,5.0,3.0,1.0,4.0,3.0,0.0,0.0,0.0,0.0,3.5,3.5,1.1,4.7,21.0,17.0,46.0,0.6,0.2,0.81,0.6,0.81,0.71,0.22,0.94,0.71,0.94,FW,ESP,GK,Rayo Vallecano, La Liga,40,2.0,1.0,96.0,1.1,0.0,0.0,0.0,0.0,0.0,0.0,0.0,0.0,0.0,0.0,0.0,0.0,0.0,0.0,0.0,0.0,0.0,0.0,0.0,0.0,0.0,0.0,0.0,0.0,0.0,GK,8.0,4.0,351.0
88,Sasa Lukic,SRB,MF,Torino, Serie A,25,16.0,13.0,1195.0,13.3,2.0,0.0,2.0,1.0,1.0,1.0,4.0,0.0,1.7,0.9,1.4,2.3,26.0,44.0,33.0,0.15,0.0,0.15,0.08,0.08,0.13,0.11,0.23,0.07,0.18,MF,SRB,MF,Fulham, Premier League,25,12.0,4.0,412.0,4.6,0.0,0.0,0.0,0.0,0.0,0.0,1.0,0.0,0.1,0.1,0.0,0.1,8.0,13.0,5.0,0.0,0.0,0.0,0.0,0.0,0.03,0.0,0.03,0.03,0.03,MF,4.0,9.0,783.0
89,Jean-Victor Makengo,FRA,MF,Lorient, Ligue 1,24,15.0,12.0,1064.0,11.8,0.0,0.0,0.0,0.0,0.0,0.0,2.0,1.0,0.1,0.1,0.5,0.7,23.0,42.0,30.0,0.0,0.0,0.0,0.0,0.0,0.01,0.04,0.06,0.01,0.06,MF,FRA,MF,Udinese, Serie A,24,16.0,11.0,805.0,8.9,0.0,1.0,1.0,0.0,0.0,0.0,2.0,0.0,0.4,0.4,0.5,0.8,18.0,36.0,31.0,0.0,0.11,0.11,0.0,0.11,0.04,0.05,0.09,0.04,0.09,MF,-1.0,1.0,259.0
90,Youssef Maleh,MAR,MF,Lecce, Serie A,23,17.0,7.0,674.0,7.5,0.0,1.0,1.0,0.0,0.0,0.0,3.0,0.0,0.3,0.3,0.3,0.6,9.0,19.0,19.0,0.0,0.13,0.13,0.0,0.13,0.04,0.04,0.08,0.04,0.08,MF,MAR,MF,Fiorentina, Serie A,23,7.0,4.0,297.0,3.3,0.0,0.0,0.0,0.0,0.0,0.0,2.0,0.0,0.6,0.6,0.6,1.2,3.0,11.0,17.0,0.0,0.0,0.0,0.0,0.0,0.17,0.2,0.36,0.17,0.36,MF,10.0,3.0,377.0
91,Ruslan Malinovskyi,UKR,"MF,FW",Marseille, Ligue 1,29,20.0,13.0,1227.0,13.6,1.0,1.0,2.0,1.0,0.0,0.0,4.0,0.0,2.3,2.3,2.4,4.6,35.0,64.0,81.0,0.07,0.07,0.15,0.07,0.15,0.17,0.17,0.34,0.17,0.34,MF,UKR,"MF,FW",Atalanta, Serie A,29,15.0,5.0,553.0,6.1,1.0,2.0,3.0,1.0,0.0,0.0,2.0,0.0,0.6,0.6,2.0,2.6,19.0,50.0,36.0,0.16,0.33,0.49,0.16,0.49,0.1,0.33,0.43,0.1,0.43,MF,5.0,8.0,674.0
92,Myziane Maolida,COM,"FW,MF",Hertha BSC, Bundesliga,23,3.0,1.0,95.0,1.1,0.0,0.0,0.0,0.0,0.0,0.0,0.0,0.0,0.0,0.0,0.2,0.2,1.0,0.0,9.0,0.0,0.0,0.0,0.0,0.0,0.0,0.22,0.22,0.0,0.22,FW,COM,"MF,FW",Reims, Ligue 1,23,9.0,2.0,232.0,2.6,1.0,0.0,1.0,1.0,0.0,0.0,0.0,0.0,0.5,0.5,0.4,0.9,13.0,8.0,26.0,0.39,0.0,0.39,0.39,0.39,0.18,0.17,0.35,0.18,0.35,MF,-6.0,-1.0,-137.0
93,Marquinhos,BRA,DF,Paris S-G, Ligue 1,28,33.0,30.0,2717.0,30.2,2.0,0.0,2.0,2.0,0.0,0.0,4.0,0.0,2.1,2.1,0.5,2.6,4.0,99.0,15.0,0.07,0.0,0.07,0.07,0.07,0.07,0.02,0.09,0.07,0.09,DF,BRA,MF,Arsenal, Premier League,19,1.0,0.0,1.0,0.0,0.0,0.0,0.0,0.0,0.0,0.0,0.0,0.0,0.0,0.0,0.0,0.0,0.0,0.0,0.0,0.0,0.0,0.0,0.0,0.0,0.0,0.0,0.0,0.0,0.0,MF,32.0,30.0,2716.0
94,Roger Marti,ESP,FW,Cádiz, La Liga,31,14.0,8.0,639.0,7.1,1.0,0.0,1.0,1.0,0.0,0.0,1.0,0.0,2.5,2.5,0.5,2.9,7.0,5.0,34.0,0.14,0.0,0.14,0.14,0.14,0.35,0.06,0.41,0.35,0.41,FW,ESP,FW,Elche, La Liga,31,12.0,8.0,655.0,7.3,0.0,1.0,1.0,0.0,0.0,0.0,2.0,0.0,0.6,0.6,0.7,1.2,8.0,7.0,50.0,0.0,0.14,0.14,0.0,0.14,0.08,0.09,0.17,0.08,0.17,FW,2.0,0.0,-16.0
95,Chrislain Matsima,FRA,DF,Monaco, Ligue 1,20,8.0,5.0,446.0,5.0,0.0,1.0,1.0,0.0,0.0,0.0,0.0,0.0,0.7,0.7,0.4,1.0,2.0,23.0,9.0,0.0,0.2,0.2,0.0,0.2,0.14,0.07,0.21,0.14,0.21,DF,FRA,"DF,MF",Lorient, Ligue 1,20,6.0,2.0,227.0,2.5,0.0,0.0,0.0,0.0,0.0,0.0,0.0,0.0,0.1,0.1,0.0,0.1,0.0,1.0,0.0,0.0,0.0,0.0,0.0,0.0,0.02,0.0,0.02,0.02,0.02,DF,2.0,3.0,219.0
96,Nathanael Mbuku,FRA,"MF,FW",Augsburg, Bundesliga,20,2.0,0.0,34.0,0.4,0.0,0.0,0.0,0.0,0.0,0.0,0.0,0.0,0.0,0.0,0.0,0.0,1.0,1.0,0.0,0.0,0.0,0.0,0.0,0.0,0.0,0.0,0.0,0.0,0.0,MF,FRA,"FW,MF",Reims, Ligue 1,20,6.0,0.0,66.0,0.7,0.0,0.0,0.0,0.0,0.0,0.0,0.0,0.0,0.1,0.1,0.0,0.1,4.0,3.0,6.0,0.0,0.0,0.0,0.0,0.0,0.12,0.0,0.12,0.12,0.12,FW,-4.0,0.0,-32.0
97,Weston McKennie,USA,"MF,DF",Juventus, Serie A,23,15.0,13.0,1052.0,11.7,1.0,1.0,2.0,1.0,0.0,0.0,0.0,0.0,0.9,0.9,0.7,1.6,19.0,39.0,54.0,0.09,0.09,0.17,0.09,0.17,0.08,0.06,0.14,0.08,0.14,MF,USA,MF,Leeds United, Premier League,23,19.0,16.0,1437.0,16.0,0.0,1.0,1.0,0.0,0.0,0.0,7.0,0.0,0.8,0.8,0.7,1.4,14.0,82.0,33.0,0.0,0.06,0.06,0.0,0.06,0.05,0.04,0.09,0.05,0.09,MF,-4.0,-3.0,-385.0
98,Memphis,NED,FW,Barcelona, La Liga,28,2.0,2.0,114.0,1.3,1.0,0.0,1.0,1.0,0.0,0.0,0.0,0.0,0.9,0.9,0.1,1.0,2.0,7.0,19.0,0.79,0.0,0.79,0.79,0.79,0.68,0.11,0.79,0.68,0.79,FW,NED,FW,Atlético Madrid, La Liga,28,8.0,3.0,270.0,3.0,4.0,0.0,4.0,4.0,0.0,0.0,1.0,0.0,3.0,3.0,0.5,3.4,4.0,8.0,22.0,1.33,0.0,1.33,1.33,1.33,0.99,0.16,1.14,0.99,1.14,FW,-6.0,-1.0,-156.0
99,Arkadiusz Milik,POL,FW,Marseille, Ligue 1,28,2.0,2.0,129.0,1.4,0.0,0.0,0.0,0.0,0.0,0.0,1.0,0.0,0.1,0.1,0.2,0.4,1.0,1.0,9.0,0.0,0.0,0.0,0.0,0.0,0.1,0.17,0.27,0.1,0.27,FW,POL,FW,Juventus, Serie A,28,27.0,17.0,1586.0,17.6,7.0,1.0,8.0,7.0,0.0,1.0,3.0,1.0,6.5,5.7,2.1,7.7,10.0,34.0,85.0,0.4,0.06,0.45,0.4,0.45,0.37,0.12,0.49,0.32,0.44,FW,-25.0,-15.0,-1457.0
100,Terem Moffi,NGA,FW,Lorient, Ligue 1,23,18.0,17.0,1386.0,15.4,12.0,0.0,12.0,11.0,1.0,2.0,1.0,0.0,7.3,5.7,0.5,6.2,29.0,20.0,61.0,0.78,0.0,0.78,0.71,0.71,0.47,0.03,0.5,0.37,0.4,FW,NGA,FW,Nice, Ligue 1,23,16.0,15.0,1328.0,14.8,6.0,3.0,9.0,6.0,0.0,0.0,2.0,0.0,8.3,8.3,2.9,11.1,25.0,20.0,77.0,0.41,0.2,0.61,0.41,0.61,0.56,0.19,0.75,0.56,0.75,FW,2.0,2.0,58.0
101,Johan Mojica,COL,"DF,MF",Elche, La Liga,29,3.0,3.0,270.0,3.0,0.0,0.0,0.0,0.0,0.0,0.0,2.0,0.0,0.1,0.1,0.3,0.4,14.0,9.0,11.0,0.0,0.0,0.0,0.0,0.0,0.04,0.09,0.13,0.04,0.13,DF,COL,DF,Villarreal, La Liga,29,17.0,5.0,642.0,7.1,0.0,0.0,0.0,0.0,0.0,0.0,0.0,0.0,0.1,0.1,0.9,0.9,27.0,19.0,38.0,0.0,0.0,0.0,0.0,0.0,0.01,0.12,0.13,0.01,0.13,DF,-14.0,-2.0,-372.0
102,Florent Mollet,FRA,MF,Schalke 04, Bundesliga,30,9.0,4.0,410.0,4.6,1.0,0.0,1.0,1.0,0.0,0.0,1.0,0.0,0.4,0.4,0.4,0.7,6.0,14.0,24.0,0.22,0.0,0.22,0.22,0.22,0.08,0.08,0.16,0.08,0.16,MF,FRA,MF,Nantes, Ligue 1,30,19.0,11.0,1089.0,12.1,1.0,2.0,3.0,1.0,0.0,0.0,3.0,0.0,1.2,1.2,2.8,4.0,25.0,73.0,67.0,0.08,0.17,0.25,0.08,0.25,0.1,0.23,0.33,0.1,0.33,MF,-10.0,-7.0,-679.0
103,Alex Moreno,ESP,DF,Betis, La Liga,29,15.0,15.0,1350.0,15.0,0.0,3.0,3.0,0.0,0.0,0.0,1.0,0.0,1.3,1.3,1.5,2.7,49.0,44.0,76.0,0.0,0.2,0.2,0.0,0.2,0.08,0.1,0.18,0.08,0.18,DF,ESP,DF,Aston Villa, Premier League,29,19.0,14.0,1329.0,14.8,0.0,3.0,3.0,0.0,0.0,0.0,3.0,0.0,0.6,0.6,3.0,3.7,65.0,37.0,122.0,0.0,0.2,0.2,0.0,0.2,0.04,0.21,0.25,0.04,0.25,DF,-4.0,1.0,21.0
104,Manu Morlanes,ESP,MF,Mallorca, La Liga,23,12.0,9.0,706.0,7.8,1.0,0.0,1.0,1.0,0.0,0.0,3.0,0.0,0.3,0.3,0.7,1.0,10.0,26.0,6.0,0.13,0.0,0.13,0.13,0.13,0.03,0.09,0.12,0.03,0.12,MF,ESP,MF,Villarreal, La Liga,23,4.0,2.0,158.0,1.8,0.0,0.0,0.0,0.0,0.0,0.0,0.0,1.0,0.0,0.0,0.0,0.0,1.0,6.0,1.0,0.0,0.0,0.0,0.0,0.0,0.0,0.0,0.0,0.0,0.0,MF,8.0,7.0,548.0
105,Joao Moutinho,POR,"DF,FW",Spezia, Serie A,24,4.0,0.0,58.0,0.6,0.0,0.0,0.0,0.0,0.0,0.0,0.0,0.0,0.0,0.0,0.0,0.0,0.0,1.0,2.0,0.0,0.0,0.0,0.0,0.0,0.0,0.05,0.05,0.0,0.05,DF,POR,MF,Wolves, Premier League,35,31.0,20.0,1780.0,19.8,0.0,2.0,2.0,0.0,0.0,0.0,3.0,0.0,1.3,1.3,2.6,3.9,23.0,132.0,32.0,0.0,0.1,0.1,0.0,0.1,0.07,0.13,0.2,0.07,0.2,MF,-27.0,-20.0,-1722.0
106,Nathan N'Goumou,FRA,FW,M'Gladbach, Bundesliga,22,20.0,7.0,695.0,7.7,1.0,0.0,1.0,1.0,0.0,0.0,0.0,0.0,0.8,0.8,0.3,1.2,23.0,14.0,63.0,0.13,0.0,0.13,0.13,0.13,0.11,0.04,0.15,0.11,0.15,FW,FRA,FW,Toulouse, Ligue 1,22,1.0,1.0,90.0,1.0,0.0,0.0,0.0,0.0,0.0,0.0,0.0,0.0,0.0,0.0,0.3,0.3,1.0,5.0,7.0,0.0,0.0,0.0,0.0,0.0,0.0,0.25,0.25,0.0,0.25,FW,19.0,6.0,605.0
107,Florian Niederlechner,GER,FW,Hertha BSC, Bundesliga,31,16.0,11.0,781.0,8.7,1.0,0.0,1.0,1.0,0.0,0.0,2.0,0.0,2.3,2.3,0.2,2.5,9.0,11.0,28.0,0.12,0.0,0.12,0.12,0.12,0.26,0.02,0.29,0.26,0.29,FW,GER,"FW,MF",Augsburg, Bundesliga,31,14.0,10.0,910.0,10.1,4.0,1.0,5.0,4.0,0.0,0.0,1.0,0.0,2.9,2.9,0.4,3.3,1.0,18.0,51.0,0.4,0.1,0.49,0.4,0.49,0.28,0.04,0.33,0.28,0.33,FW,2.0,1.0,-129.0
108,Randy Ntekja,FRA,"FW,MF",Rayo Vallecano, La Liga,24,10.0,0.0,116.0,1.3,0.0,0.0,0.0,0.0,0.0,0.0,0.0,1.0,0.2,0.2,0.0,0.3,3.0,6.0,7.0,0.0,0.0,0.0,0.0,0.0,0.19,0.01,0.2,0.19,0.2,FW,FRA,"FW,MF",Elche, La Liga,24,14.0,10.0,726.0,8.1,0.0,0.0,0.0,0.0,0.0,0.0,1.0,0.0,1.3,1.3,0.9,2.2,13.0,13.0,43.0,0.0,0.0,0.0,0.0,0.0,0.16,0.12,0.28,0.16,0.28,FW,-4.0,-10.0,-610.0
109,Bram Nuytinck,NED,DF,Sampdoria, Serie A,32,19.0,19.0,1498.0,16.6,0.0,1.0,1.0,0.0,0.0,0.0,4.0,0.0,0.3,0.3,0.3,0.5,4.0,23.0,3.0,0.0,0.06,0.06,0.0,0.06,0.02,0.02,0.03,0.02,0.03,DF,NED,DF,Udinese, Serie A,32,6.0,3.0,385.0,4.3,0.0,0.0,0.0,0.0,0.0,0.0,1.0,0.0,0.0,0.0,0.0,0.0,1.0,4.0,0.0,0.0,0.0,0.0,0.0,0.0,0.01,0.0,0.01,0.01,0.01,DF,13.0,16.0,1113.0
110,Jonas Omlin,SUI,GK,M'Gladbach, Bundesliga,28,15.0,15.0,1290.0,14.3,0.0,0.0,0.0,0.0,0.0,0.0,0.0,0.0,0.0,0.0,0.4,0.4,0.0,0.0,0.0,0.0,0.0,0.0,0.0,0.0,0.0,0.03,0.03,0.0,0.03,GK,SUI,GK,Montpellier, Ligue 1,28,14.0,14.0,1166.0,13.0,0.0,0.0,0.0,0.0,0.0,0.0,1.0,1.0,0.0,0.0,0.0,0.0,0.0,0.0,0.0,0.0,0.0,0.0,0.0,0.0,0.0,0.0,0.0,0.0,0.0,GK,1.0,1.0,124.0
111,Dango Ouattara,BFA,"FW,MF",Lorient, Ligue 1,20,18.0,18.0,1548.0,17.2,6.0,5.0,11.0,6.0,0.0,0.0,3.0,1.0,5.2,5.2,3.1,8.3,64.0,39.0,151.0,0.35,0.29,0.64,0.35,0.64,0.3,0.18,0.48,0.3,0.48,FW,BFA,"MF,FW",Bournemouth, Premier League,20,19.0,15.0,1241.0,13.8,1.0,3.0,4.0,1.0,0.0,0.0,1.0,0.0,3.6,3.6,2.5,6.1,39.0,23.0,87.0,0.07,0.22,0.29,0.07,0.29,0.26,0.18,0.44,0.26,0.44,MF,-1.0,3.0,307.0
112,Azzedine Ounahi,MAR,"MF,FW",Angers, Ligue 1,22,15.0,13.0,1129.0,12.5,0.0,0.0,0.0,0.0,0.0,0.0,1.0,0.0,1.8,1.8,1.6,3.4,53.0,87.0,77.0,0.0,0.0,0.0,0.0,0.0,0.14,0.12,0.27,0.14,0.27,MF,MAR,"MF,FW",Marseille, Ligue 1,22,7.0,1.0,121.0,1.3,1.0,0.0,1.0,1.0,0.0,0.0,0.0,0.0,0.7,0.7,0.2,0.9,6.0,5.0,8.0,0.74,0.0,0.74,0.74,0.74,0.5,0.16,0.65,0.5,0.65,MF,8.0,12.0,1008.0
113,Adam Ounas,ALG,"FW,MF",Lille, Ligue 1,25,21.0,12.0,1064.0,11.8,1.0,1.0,2.0,1.0,0.0,0.0,2.0,0.0,2.3,2.3,2.8,5.1,55.0,66.0,125.0,0.08,0.08,0.17,0.08,0.17,0.2,0.23,0.43,0.2,0.43,FW,ALG,FW,Napoli, Serie A,25,2.0,0.0,15.0,0.2,0.0,0.0,0.0,0.0,0.0,0.0,0.0,0.0,0.0,0.0,0.0,0.0,3.0,4.0,1.0,0.0,0.0,0.0,0.0,0.0,0.23,0.0,0.23,0.23,0.23,FW,19.0,12.0,1049.0
114,Fernando Pacheco,ESP,GK,Espanyol, La Liga,30,16.0,16.0,1440.0,16.0,0.0,0.0,0.0,0.0,0.0,0.0,0.0,0.0,0.0,0.0,0.2,0.2,0.0,2.0,0.0,0.0,0.0,0.0,0.0,0.0,0.0,0.02,0.02,0.0,0.02,GK,ESP,GK,Almería, La Liga,30,1.0,1.0,90.0,1.0,0.0,0.0,0.0,0.0,0.0,0.0,0.0,0.0,0.0,0.0,0.0,0.0,0.0,0.0,0.0,0.0,0.0,0.0,0.0,0.0,0.0,0.0,0.0,0.0,0.0,GK,15.0,15.0,1350.0
115,Lucas Paqueta,BRA,MF,Lyon, Ligue 1,24,2.0,2.0,159.0,1.8,0.0,0.0,0.0,0.0,0.0,0.0,0.0,0.0,0.4,0.4,0.2,0.6,3.0,8.0,10.0,0.0,0.0,0.0,0.0,0.0,0.21,0.12,0.33,0.21,0.33,MF,BRA,MF,West Ham, Premier League,24,28.0,27.0,2151.0,23.9,4.0,3.0,7.0,3.0,1.0,1.0,5.0,0.0,4.4,3.6,2.5,6.1,25.0,147.0,63.0,0.17,0.13,0.29,0.13,0.25,0.18,0.1,0.29,0.15,0.25,MF,-26.0,-25.0,-1992.0
116,Leandro Paredes,ARG,MF,Paris S-G, Ligue 1,28,3.0,0.0,52.0,0.6,0.0,1.0,1.0,0.0,0.0,0.0,0.0,0.0,0.0,0.0,0.4,0.4,1.0,6.0,0.0,0.0,1.73,1.73,0.0,1.73,0.0,0.72,0.72,0.0,0.72,MF,ARG,MF,Juventus, Serie A,28,25.0,8.0,977.0,10.9,1.0,0.0,1.0,1.0,0.0,0.0,7.0,1.0,0.6,0.6,1.9,2.5,11.0,72.0,11.0,0.09,0.0,0.09,0.09,0.09,0.06,0.18,0.23,0.06,0.23,MF,-22.0,-8.0,-925.0
117,Luca Pellegrini,ITA,DF,Eint Frankfurt, Bundesliga,23,9.0,7.0,557.0,6.2,0.0,0.0,0.0,0.0,0.0,0.0,1.0,0.0,0.6,0.6,0.8,1.4,19.0,22.0,28.0,0.0,0.0,0.0,0.0,0.0,0.09,0.14,0.23,0.09,0.23,DF,ITA,DF,Lazio, Serie A,23,7.0,1.0,180.0,2.0,0.0,0.0,0.0,0.0,0.0,0.0,3.0,0.0,0.1,0.1,0.2,0.3,7.0,9.0,11.0,0.0,0.0,0.0,0.0,0.0,0.04,0.11,0.15,0.04,0.15,DF,2.0,6.0,377.0
118,Ayoze Perez,ESP,"FW,MF",Betis, La Liga,29,19.0,17.0,1386.0,15.4,3.0,1.0,4.0,3.0,0.0,0.0,3.0,0.0,4.6,4.6,2.0,6.6,51.0,39.0,102.0,0.19,0.06,0.26,0.19,0.26,0.3,0.13,0.43,0.3,0.43,FW,ESP,"MF,FW",Leicester City, Premier League,29,8.0,3.0,382.0,4.2,0.0,1.0,1.0,0.0,0.0,0.0,0.0,0.0,1.1,1.1,1.5,2.6,17.0,20.0,43.0,0.0,0.24,0.24,0.0,0.24,0.27,0.35,0.62,0.27,0.62,MF,11.0,14.0,1004.0
119,Maximilian Philipp,GER,"FW,MF",Werder Bremen, Bundesliga,28,15.0,3.0,442.0,4.9,1.0,0.0,1.0,1.0,0.0,0.0,1.0,0.0,2.0,2.0,0.2,2.1,3.0,6.0,24.0,0.2,0.0,0.2,0.2,0.2,0.4,0.03,0.43,0.4,0.43,FW,GER,FW,Wolfsburg, Bundesliga,28,3.0,1.0,116.0,1.3,0.0,0.0,0.0,0.0,0.0,0.0,0.0,0.0,0.1,0.1,0.0,0.1,3.0,1.0,6.0,0.0,0.0,0.0,0.0,0.0,0.05,0.03,0.08,0.05,0.08,FW,12.0,2.0,326.0
120,Roberto Piccoli,ITA,FW,Empoli, Serie A,21,13.0,6.0,516.0,5.7,2.0,0.0,2.0,2.0,0.0,0.0,0.0,0.0,1.3,1.3,0.4,1.7,8.0,4.0,25.0,0.35,0.0,0.35,0.35,0.35,0.22,0.07,0.29,0.22,0.29,FW,ITA,FW,Hellas Verona, Serie A,21,7.0,2.0,192.0,2.1,0.0,0.0,0.0,0.0,0.0,0.0,0.0,0.0,0.4,0.4,0.2,0.6,2.0,0.0,8.0,0.0,0.0,0.0,0.0,0.0,0.19,0.08,0.27,0.19,0.27,FW,6.0,4.0,324.0
121,Ronael Pierre-Gabriel,FRA,DF,Strasbourg, Ligue 1,24,14.0,7.0,653.0,7.3,0.0,1.0,1.0,0.0,0.0,0.0,3.0,0.0,0.2,0.2,0.8,1.0,16.0,22.0,35.0,0.0,0.14,0.14,0.0,0.14,0.03,0.12,0.14,0.03,0.14,DF,FRA,DF,Espanyol, La Liga,24,8.0,2.0,236.0,2.6,1.0,0.0,1.0,1.0,0.0,0.0,2.0,1.0,0.2,0.2,0.3,0.4,7.0,7.0,16.0,0.38,0.0,0.38,0.38,0.38,0.06,0.11,0.16,0.06,0.16,DF,6.0,5.0,417.0
122,Stefan Posch,AUT,DF,Hoffenheim, Bundesliga,25,1.0,1.0,18.0,0.2,0.0,0.0,0.0,0.0,0.0,0.0,2.0,1.0,0.0,0.0,0.0,0.0,0.0,0.0,0.0,0.0,0.0,0.0,0.0,0.0,0.0,0.0,0.0,0.0,0.0,DF,AUT,DF,Bologna, Serie A,25,30.0,30.0,2532.0,28.1,6.0,2.0,8.0,6.0,0.0,0.0,6.0,0.0,3.3,3.3,2.0,5.3,45.0,148.0,65.0,0.21,0.07,0.28,0.21,0.28,0.12,0.07,0.19,0.12,0.19,DF,-29.0,-29.0,-2514.0
123,Ionut Radu,ROU,GK,Auxerre, Ligue 1,25,17.0,17.0,1530.0,17.0,0.0,0.0,0.0,0.0,0.0,0.0,0.0,0.0,0.0,0.0,0.0,0.0,0.0,0.0,0.0,0.0,0.0,0.0,0.0,0.0,0.0,0.0,0.0,0.0,0.0,GK,ROU,GK,Cremonese, Serie A,25,9.0,9.0,810.0,9.0,0.0,0.0,0.0,0.0,0.0,0.0,0.0,0.0,0.0,0.0,0.4,0.4,0.0,0.0,0.0,0.0,0.0,0.0,0.0,0.0,0.0,0.04,0.04,0.0,0.04,GK,8.0,8.0,720.0
124,Giacomo Raspadori,ITA,"FW,MF",Napoli, Serie A,22,25.0,10.0,911.0,10.1,2.0,2.0,4.0,2.0,0.0,0.0,1.0,0.0,3.5,3.5,1.3,4.8,13.0,33.0,88.0,0.2,0.2,0.4,0.2,0.4,0.35,0.13,0.47,0.35,0.47,FW,ITA,FW,Sassuolo, Serie A,22,1.0,0.0,45.0,0.5,0.0,0.0,0.0,0.0,0.0,0.0,0.0,0.0,0.0,0.0,0.0,0.0,0.0,2.0,4.0,0.0,0.0,0.0,0.0,0.0,0.0,0.0,0.0,0.0,0.0,FW,24.0,10.0,866.0
125,Jeff Reine-Adelaide,FRA,MF,Lyon, Ligue 1,24,14.0,1.0,336.0,3.7,0.0,0.0,0.0,0.0,0.0,0.0,1.0,0.0,0.8,0.8,0.9,1.6,20.0,32.0,25.0,0.0,0.0,0.0,0.0,0.0,0.21,0.23,0.44,0.21,0.44,MF,FRA,MF,Troyes, Ligue 1,24,6.0,3.0,233.0,2.6,0.0,1.0,1.0,0.0,0.0,0.0,0.0,0.0,0.3,0.3,0.4,0.8,10.0,20.0,8.0,0.0,0.39,0.39,0.0,0.39,0.12,0.17,0.29,0.12,0.29,MF,8.0,-2.0,103.0
126,Rodri,ESP,"FW,MF",Betis, La Liga,22,30.0,19.0,1601.0,17.8,2.0,3.0,5.0,2.0,0.0,0.0,0.0,0.0,1.4,1.4,2.2,3.6,57.0,102.0,104.0,0.11,0.17,0.28,0.11,0.28,0.08,0.12,0.2,0.08,0.2,FW,ESP,MF,Manchester City, Premier League,26,36.0,34.0,2911.0,32.3,2.0,6.0,8.0,2.0,0.0,0.0,5.0,0.0,4.6,4.6,4.1,8.7,76.0,260.0,37.0,0.06,0.19,0.25,0.06,0.25,0.14,0.13,0.27,0.14,0.27,MF,-6.0,-15.0,-1310.0
127,Oriol Romeu,ESP,MF,Girona, La Liga,30,33.0,33.0,2950.0,32.8,2.0,0.0,2.0,2.0,0.0,0.0,10.0,1.0,1.6,1.6,0.9,2.5,15.0,133.0,16.0,0.06,0.0,0.06,0.06,0.06,0.05,0.03,0.08,0.05,0.08,MF,ESP,MF,Southampton, Premier League,30,1.0,1.0,74.0,0.8,0.0,0.0,0.0,0.0,0.0,0.0,0.0,0.0,0.0,0.0,0.0,0.0,2.0,4.0,0.0,0.0,0.0,0.0,0.0,0.0,0.0,0.0,0.0,0.0,0.0,MF,32.0,32.0,2876.0
128,Jerome Roussillon,FRA,DF,Union Berlin, Bundesliga,29,16.0,11.0,957.0,10.6,0.0,2.0,2.0,0.0,0.0,0.0,2.0,0.0,0.5,0.5,1.1,1.7,18.0,28.0,42.0,0.0,0.19,0.19,0.0,0.19,0.05,0.11,0.16,0.05,0.16,DF,FRA,"MF,DF",Wolfsburg, Bundesliga,29,4.0,0.0,22.0,0.2,0.0,0.0,0.0,0.0,0.0,0.0,0.0,0.0,0.0,0.0,0.0,0.0,0.0,0.0,2.0,0.0,0.0,0.0,0.0,0.0,0.0,0.08,0.08,0.0,0.08,MF,12.0,11.0,935.0
129,Nicolo Rovella,ITA,MF,Juventus, Serie A,20,3.0,0.0,27.0,0.3,0.0,0.0,0.0,0.0,0.0,0.0,1.0,0.0,0.1,0.1,0.0,0.1,1.0,1.0,2.0,0.0,0.0,0.0,0.0,0.0,0.3,0.0,0.3,0.3,0.3,MF,ITA,MF,Monza, Serie A,20,25.0,21.0,1740.0,19.3,1.0,2.0,3.0,1.0,0.0,0.0,5.0,1.0,1.2,1.2,2.2,3.4,26.0,99.0,19.0,0.05,0.1,0.16,0.05,0.16,0.06,0.11,0.18,0.06,0.18,MF,-22.0,-21.0,-1713.0
130,Georginio Rutter,FRA,FW,Hoffenheim, Bundesliga,20,15.0,11.0,1009.0,11.2,2.0,2.0,4.0,2.0,0.0,0.0,2.0,0.0,3.0,3.0,2.3,5.4,32.0,25.0,75.0,0.18,0.18,0.36,0.18,0.36,0.27,0.21,0.48,0.27,0.48,FW,FRA,"FW,MF",Leeds United, Premier League,20,11.0,1.0,273.0,3.0,0.0,1.0,1.0,0.0,0.0,0.0,0.0,0.0,0.4,0.4,0.3,0.7,5.0,6.0,21.0,0.0,0.33,0.33,0.0,0.33,0.13,0.1,0.22,0.13,0.22,FW,4.0,10.0,736.0
131,Julian Ryerson,NOR,DF,Dortmund, Bundesliga,24,17.0,17.0,1410.0,15.7,1.0,1.0,2.0,1.0,0.0,0.0,2.0,0.0,0.5,0.5,1.5,2.0,54.0,55.0,69.0,0.06,0.06,0.13,0.06,0.13,0.03,0.1,0.13,0.03,0.13,DF,NOR,DF,Union Berlin, Bundesliga,24,13.0,12.0,1037.0,11.5,0.0,0.0,0.0,0.0,0.0,0.0,2.0,0.0,0.7,0.7,0.5,1.2,20.0,32.0,32.0,0.0,0.0,0.0,0.0,0.0,0.06,0.04,0.1,0.06,0.1,DF,4.0,5.0,373.0
132,Marcel Sabitzer,AUT,MF,Bayern Munich, Bundesliga,28,15.0,7.0,628.0,7.0,1.0,1.0,2.0,1.0,0.0,0.0,2.0,0.0,1.1,1.1,0.4,1.4,7.0,52.0,19.0,0.14,0.14,0.29,0.14,0.29,0.15,0.05,0.2,0.15,0.2,MF,AUT,MF,Manchester Utd, Premier League,28,11.0,7.0,627.0,7.0,0.0,1.0,1.0,0.0,0.0,0.0,1.0,0.0,0.7,0.7,0.9,1.7,8.0,38.0,26.0,0.0,0.14,0.14,0.0,0.14,0.11,0.13,0.24,0.11,0.24,MF,4.0,0.0,1.0
133,Umar Sadiq,NGA,FW,Real Sociedad, La Liga,25,2.0,1.0,82.0,0.9,1.0,0.0,1.0,1.0,0.0,0.0,0.0,0.0,0.4,0.4,0.0,0.4,0.0,1.0,6.0,1.1,0.0,1.1,1.1,1.1,0.47,0.0,0.47,0.47,0.47,FW,NGA,FW,Almería, La Liga,25,3.0,3.0,240.0,2.7,2.0,0.0,2.0,2.0,0.0,0.0,1.0,0.0,1.5,1.5,0.2,1.6,5.0,2.0,7.0,0.75,0.0,0.75,0.75,0.75,0.55,0.06,0.61,0.55,0.61,FW,-1.0,-2.0,-158.0
134,Albert Sambi Lokonga,BEL,MF,Crystal Palace, Premier League,22,9.0,6.0,536.0,6.0,0.0,0.0,0.0,0.0,0.0,0.0,2.0,0.0,0.2,0.2,0.0,0.2,2.0,20.0,2.0,0.0,0.0,0.0,0.0,0.0,0.03,0.01,0.03,0.03,0.03,MF,BEL,MF,Arsenal, Premier League,22,6.0,2.0,198.0,2.2,0.0,0.0,0.0,0.0,0.0,0.0,0.0,0.0,0.0,0.0,0.0,0.0,0.0,12.0,2.0,0.0,0.0,0.0,0.0,0.0,0.0,0.01,0.01,0.0,0.01,MF,3.0,4.0,338.0
135,Morgan Sanson,FRA,MF,Strasbourg, Ligue 1,27,18.0,18.0,1419.0,15.8,1.0,2.0,3.0,1.0,0.0,0.0,1.0,0.0,3.1,3.1,2.1,5.3,43.0,60.0,70.0,0.06,0.13,0.19,0.06,0.19,0.2,0.14,0.34,0.2,0.34,MF,FRA,MF,Aston Villa, Premier League,27,2.0,0.0,11.0,0.1,0.0,0.0,0.0,0.0,0.0,0.0,0.0,0.0,0.0,0.0,0.0,0.0,0.0,1.0,0.0,0.0,0.0,0.0,0.0,0.0,0.0,0.0,0.0,0.0,0.0,MF,16.0,18.0,1408.0
136,Pablo Sarabia,ESP,"FW,MF",Paris S-G, Ligue 1,30,14.0,3.0,370.0,4.1,0.0,0.0,0.0,0.0,0.0,0.0,1.0,0.0,1.3,1.3,1.3,2.7,9.0,18.0,37.0,0.0,0.0,0.0,0.0,0.0,0.32,0.33,0.64,0.32,0.64,FW,ESP,"FW,MF",Wolves, Premier League,30,13.0,9.0,765.0,8.5,1.0,0.0,1.0,1.0,0.0,0.0,3.0,0.0,3.1,3.1,0.8,3.9,17.0,41.0,54.0,0.12,0.0,0.12,0.12,0.12,0.36,0.09,0.46,0.36,0.46,FW,1.0,-6.0,-395.0
137,Kevin Schade,GER,"FW,MF",Freiburg, Bundesliga,20,8.0,1.0,182.0,2.0,1.0,0.0,1.0,1.0,0.0,0.0,0.0,0.0,0.2,0.2,0.0,0.2,7.0,3.0,20.0,0.49,0.0,0.49,0.49,0.49,0.12,0.0,0.12,0.12,0.12,FW,GER,FW,Brentford, Premier League,20,18.0,7.0,732.0,8.1,0.0,1.0,1.0,0.0,0.0,0.0,2.0,0.0,2.1,2.1,1.1,3.2,24.0,15.0,57.0,0.0,0.12,0.12,0.0,0.12,0.25,0.14,0.39,0.25,0.39,FW,-10.0,-6.0,-550.0
138,Keven Schlotterbeck,GER,DF,Bochum, Bundesliga,25,13.0,8.0,734.0,8.2,2.0,0.0,2.0,2.0,0.0,0.0,3.0,0.0,1.6,1.6,0.5,2.1,1.0,21.0,3.0,0.25,0.0,0.25,0.25,0.25,0.19,0.06,0.25,0.19,0.25,DF,GER,DF,Freiburg, Bundesliga,25,2.0,0.0,14.0,0.2,0.0,0.0,0.0,0.0,0.0,0.0,0.0,0.0,0.0,0.0,0.0,0.0,0.0,0.0,0.0,0.0,0.0,0.0,0.0,0.0,0.0,0.0,0.0,0.0,0.0,DF,11.0,8.0,720.0
139,Davie Selke,GER,FW,Köln, Bundesliga,27,17.0,12.0,869.0,9.7,5.0,0.0,5.0,5.0,0.0,0.0,2.0,0.0,3.4,3.4,0.9,4.3,7.0,16.0,40.0,0.52,0.0,0.52,0.52,0.52,0.35,0.09,0.44,0.35,0.44,FW,GER,FW,Hertha BSC, Bundesliga,27,13.0,3.0,282.0,3.1,1.0,1.0,2.0,0.0,1.0,1.0,1.0,0.0,1.2,0.4,0.9,1.3,3.0,5.0,22.0,0.32,0.32,0.64,0.0,0.32,0.39,0.28,0.66,0.14,0.41,FW,4.0,9.0,587.0
140,Jonjo Shelvey,ENG,MF,Nott'ham Forest, Premier League,30,8.0,6.0,540.0,6.0,0.0,0.0,0.0,0.0,0.0,0.0,2.0,0.0,0.2,0.2,0.3,0.5,1.0,34.0,0.0,0.0,0.0,0.0,0.0,0.0,0.03,0.05,0.08,0.03,0.08,MF,ENG,MF,Newcastle Utd, Premier League,30,3.0,0.0,37.0,0.4,0.0,0.0,0.0,0.0,0.0,0.0,0.0,0.0,0.0,0.0,0.0,0.0,0.0,3.0,0.0,0.0,0.0,0.0,0.0,0.0,0.0,0.0,0.0,0.0,0.0,MF,5.0,6.0,503.0
141,Eldor Shomurodov,UZB,FW,Roma, Serie A,27,6.0,1.0,119.0,1.3,0.0,0.0,0.0,0.0,0.0,0.0,0.0,0.0,0.6,0.6,0.0,0.6,3.0,4.0,15.0,0.0,0.0,0.0,0.0,0.0,0.45,0.0,0.45,0.45,0.45,FW,UZB,FW,Spezia, Serie A,27,15.0,9.0,809.0,9.0,1.0,1.0,2.0,1.0,0.0,0.0,2.0,0.0,2.8,2.8,1.4,4.2,7.0,15.0,53.0,0.11,0.11,0.22,0.11,0.22,0.31,0.15,0.46,0.31,0.46,FW,-9.0,-8.0,-690.0
142,Tim Skarke,GER,"FW,MF",Schalke 04, Bundesliga,25,9.0,6.0,440.0,4.9,1.0,1.0,2.0,1.0,0.0,0.0,0.0,0.0,0.5,0.5,0.9,1.4,4.0,13.0,26.0,0.2,0.2,0.41,0.2,0.41,0.11,0.17,0.28,0.11,0.28,FW,GER,"DF,MF",Union Berlin, Bundesliga,25,3.0,0.0,53.0,0.6,0.0,0.0,0.0,0.0,0.0,0.0,1.0,0.0,0.2,0.2,0.0,0.2,3.0,0.0,10.0,0.0,0.0,0.0,0.0,0.0,0.39,0.02,0.41,0.39,0.41,DF,6.0,6.0,387.0
143,Cedric Soares,POR,DF,Fulham, Premier League,30,6.0,2.0,198.0,2.2,0.0,0.0,0.0,0.0,0.0,0.0,0.0,0.0,0.1,0.1,0.3,0.4,4.0,12.0,12.0,0.0,0.0,0.0,0.0,0.0,0.03,0.13,0.16,0.03,0.16,DF,POR,DF,Arsenal, Premier League,30,2.0,0.0,29.0,0.3,0.0,0.0,0.0,0.0,0.0,0.0,0.0,0.0,0.0,0.0,0.0,0.0,1.0,3.0,0.0,0.0,0.0,0.0,0.0,0.0,0.0,0.0,0.0,0.0,0.0,DF,4.0,2.0,169.0
144,Carlos Soler,ESP,MF,Paris S-G, Ligue 1,25,26.0,14.0,1187.0,13.2,3.0,2.0,5.0,3.0,0.0,0.0,0.0,0.0,1.6,1.6,1.4,3.0,18.0,53.0,67.0,0.23,0.15,0.38,0.23,0.38,0.12,0.11,0.23,0.12,0.23,MF,ESP,MF,Valencia, La Liga,25,3.0,3.0,242.0,2.7,1.0,0.0,1.0,0.0,1.0,1.0,0.0,0.0,0.9,0.2,0.2,0.4,3.0,13.0,7.0,0.37,0.0,0.37,0.0,0.0,0.35,0.08,0.43,0.06,0.14,MF,23.0,11.0,945.0
145,Yann Sommer,SUI,GK,Bayern Munich, Bundesliga,33,19.0,19.0,1710.0,19.0,0.0,0.0,0.0,0.0,0.0,0.0,1.0,0.0,0.0,0.0,0.0,0.0,0.0,1.0,0.0,0.0,0.0,0.0,0.0,0.0,0.0,0.0,0.0,0.0,0.0,GK,SUI,GK,M'Gladbach, Bundesliga,33,10.0,10.0,900.0,10.0,0.0,0.0,0.0,0.0,0.0,0.0,0.0,0.0,0.0,0.0,0.0,0.0,0.0,0.0,0.0,0.0,0.0,0.0,0.0,0.0,0.0,0.0,0.0,0.0,0.0,GK,9.0,9.0,810.0
146,Brandon Soppy,FRA,DF,Atalanta, Serie A,20,15.0,8.0,643.0,7.1,0.0,3.0,3.0,0.0,0.0,0.0,2.0,0.0,0.3,0.3,1.6,2.0,23.0,33.0,35.0,0.0,0.42,0.42,0.0,0.42,0.05,0.23,0.27,0.05,0.27,DF,FRA,DF,Udinese, Serie A,20,1.0,1.0,90.0,1.0,0.0,0.0,0.0,0.0,0.0,0.0,1.0,0.0,0.1,0.1,0.2,0.3,4.0,4.0,4.0,0.0,0.0,0.0,0.0,0.0,0.07,0.19,0.27,0.07,0.27,DF,14.0,7.0,553.0
147,Djed Spence,ENG,DF,Rennes, Ligue 1,21,8.0,7.0,573.0,6.4,0.0,0.0,0.0,0.0,0.0,0.0,0.0,0.0,0.4,0.4,0.1,0.5,21.0,21.0,18.0,0.0,0.0,0.0,0.0,0.0,0.06,0.02,0.08,0.06,0.08,DF,ENG,"FW,DF",Tottenham, Premier League,21,4.0,0.0,7.0,0.1,0.0,0.0,0.0,0.0,0.0,0.0,0.0,0.0,0.1,0.1,0.0,0.1,2.0,0.0,2.0,0.0,0.0,0.0,0.0,0.0,0.83,0.0,0.83,0.83,0.83,FW,4.0,7.0,566.0
148,Jack Stephens,ENG,DF,Bournemouth, Premier League,28,15.0,13.0,1173.0,13.0,0.0,0.0,0.0,0.0,0.0,0.0,3.0,0.0,0.4,0.4,0.2,0.6,7.0,34.0,3.0,0.0,0.0,0.0,0.0,0.0,0.03,0.02,0.05,0.03,0.05,DF,ENG,DF,Southampton, Premier League,28,2.0,0.0,46.0,0.5,0.0,0.0,0.0,0.0,0.0,0.0,0.0,0.0,0.0,0.0,0.0,0.0,3.0,3.0,0.0,0.0,0.0,0.0,0.0,0.0,0.0,0.0,0.0,0.0,0.0,DF,13.0,13.0,1127.0
149,Kamaldeen Sulemana,GHA,"FW,MF",Rennes, Ligue 1,20,14.0,2.0,326.0,3.6,1.0,0.0,1.0,1.0,0.0,0.0,1.0,0.0,1.4,1.4,0.6,1.9,17.0,18.0,57.0,0.28,0.0,0.28,0.28,0.28,0.38,0.16,0.54,0.38,0.54,FW,GHA,"FW,MF",Southampton, Premier League,20,18.0,10.0,966.0,10.7,2.0,1.0,3.0,2.0,0.0,0.0,1.0,0.0,1.7,1.7,1.3,3.0,32.0,36.0,80.0,0.19,0.09,0.28,0.19,0.28,0.16,0.12,0.28,0.16,0.28,FW,-4.0,-8.0,-640.0
150,Issiaga Sylla,GUI,DF,Toulouse, Ligue 1,28,17.0,16.0,1372.0,15.2,0.0,0.0,0.0,0.0,0.0,0.0,3.0,0.0,0.4,0.4,0.5,0.9,51.0,95.0,107.0,0.0,0.0,0.0,0.0,0.0,0.03,0.03,0.06,0.03,0.06,DF,GUI,DF,Montpellier, Ligue 1,28,15.0,15.0,1305.0,14.5,1.0,3.0,4.0,1.0,0.0,0.0,0.0,0.0,0.8,0.8,2.0,2.8,28.0,82.0,65.0,0.07,0.21,0.28,0.07,0.28,0.05,0.14,0.19,0.05,0.19,DF,2.0,1.0,67.0
151,Alexander Sorloth,NOR,FW,RB Leipzig, Bundesliga,26,1.0,0.0,6.0,0.1,0.0,0.0,0.0,0.0,0.0,0.0,1.0,0.0,0.0,0.0,0.0,0.0,0.0,0.0,1.0,0.0,0.0,0.0,0.0,0.0,0.0,0.0,0.0,0.0,0.0,FW,NOR,FW,Real Sociedad, La Liga,26,34.0,28.0,2386.0,26.5,12.0,3.0,15.0,12.0,0.0,0.0,4.0,0.0,12.7,12.7,4.2,16.9,41.0,20.0,132.0,0.45,0.11,0.57,0.45,0.57,0.48,0.16,0.64,0.48,0.64,FW,-33.0,-28.0,-2380.0
152,Ramon Terrats,ESP,MF,Girona, La Liga,21,8.0,2.0,212.0,2.4,0.0,0.0,0.0,0.0,0.0,0.0,0.0,0.0,0.2,0.2,0.0,0.2,4.0,6.0,4.0,0.0,0.0,0.0,0.0,0.0,0.08,0.02,0.1,0.08,0.1,MF,ESP,MF,Villarreal, La Liga,21,16.0,11.0,816.0,9.1,1.0,1.0,2.0,1.0,0.0,0.0,1.0,0.0,0.9,0.9,1.5,2.4,21.0,45.0,32.0,0.11,0.11,0.22,0.11,0.22,0.1,0.16,0.26,0.1,0.26,MF,-8.0,-9.0,-604.0
153,Tete,BRA,"FW,MF",Lyon, Ligue 1,22,17.0,14.0,1107.0,12.3,6.0,2.0,8.0,6.0,0.0,0.0,3.0,0.0,4.2,4.2,1.3,5.5,49.0,52.0,130.0,0.49,0.16,0.65,0.49,0.65,0.35,0.1,0.45,0.35,0.45,FW,BRA,FW,Leicester City, Premier League,22,13.0,9.0,734.0,8.2,1.0,0.0,1.0,1.0,0.0,0.0,0.0,0.0,1.8,1.8,0.4,2.2,22.0,26.0,55.0,0.12,0.0,0.12,0.12,0.12,0.22,0.05,0.27,0.22,0.27,FW,4.0,5.0,373.0
154,Malick Thiaw,GER,DF,Schalke 04, Bundesliga,20,3.0,3.0,270.0,3.0,0.0,0.0,0.0,0.0,0.0,0.0,2.0,0.0,0.2,0.2,0.0,0.2,1.0,3.0,0.0,0.0,0.0,0.0,0.0,0.0,0.08,0.0,0.08,0.08,0.08,DF,GER,DF,Milan, Serie A,20,20.0,15.0,1362.0,15.1,0.0,0.0,0.0,0.0,0.0,0.0,5.0,0.0,0.8,0.8,0.2,1.0,6.0,67.0,2.0,0.0,0.0,0.0,0.0,0.0,0.06,0.01,0.07,0.06,0.07,DF,-17.0,-12.0,-1092.0
155,Adrien Thomasson,FRA,"MF,FW",Lens, Ligue 1,28,20.0,16.0,1278.0,14.2,5.0,5.0,10.0,5.0,0.0,0.0,1.0,0.0,3.0,3.0,2.8,5.8,17.0,49.0,98.0,0.35,0.35,0.7,0.35,0.7,0.21,0.2,0.41,0.21,0.41,MF,FRA,MF,Strasbourg, Ligue 1,28,15.0,10.0,937.0,10.4,0.0,2.0,2.0,0.0,0.0,0.0,2.0,0.0,1.5,1.5,1.9,3.4,15.0,41.0,73.0,0.0,0.19,0.19,0.0,0.19,0.15,0.18,0.33,0.15,0.33,MF,5.0,6.0,341.0
156,Karl Toko Ekambi,CMR,"FW,MF",Lyon, Ligue 1,29,19.0,15.0,1353.0,15.0,4.0,2.0,6.0,4.0,0.0,0.0,1.0,0.0,4.4,4.4,3.0,7.4,58.0,36.0,188.0,0.27,0.13,0.4,0.27,0.4,0.3,0.2,0.49,0.3,0.49,FW,CMR,"FW,MF",Rennes, Ligue 1,29,17.0,11.0,972.0,10.8,3.0,2.0,5.0,3.0,0.0,0.0,0.0,0.0,3.6,3.6,1.4,5.0,30.0,21.0,87.0,0.28,0.19,0.46,0.28,0.46,0.33,0.13,0.47,0.33,0.47,FW,2.0,4.0,381.0
157,Souleymane Toure,FRA,DF,Auxerre, Ligue 1,19,19.0,18.0,1588.0,17.6,1.0,0.0,1.0,1.0,0.0,0.0,5.0,1.0,1.5,1.5,0.4,1.9,11.0,45.0,6.0,0.06,0.0,0.06,0.06,0.06,0.08,0.02,0.11,0.08,0.11,DF,FRA,DF,Marseille, Ligue 1,19,5.0,0.0,68.0,0.8,0.0,0.0,0.0,0.0,0.0,0.0,1.0,0.0,0.0,0.0,0.0,0.0,1.0,2.0,1.0,0.0,0.0,0.0,0.0,0.0,0.0,0.0,0.0,0.0,0.0,DF,14.0,18.0,1520.0
158,Leandro Trossard,BEL,"FW,MF",Brighton, Premier League,27,16.0,16.0,1315.0,14.6,7.0,2.0,9.0,7.0,0.0,0.0,1.0,0.0,4.4,4.4,2.1,6.5,40.0,67.0,118.0,0.48,0.14,0.62,0.48,0.62,0.3,0.14,0.45,0.3,0.45,FW,BEL,FW,Arsenal, Premier League,27,20.0,10.0,931.0,10.3,1.0,10.0,11.0,1.0,0.0,0.0,0.0,0.0,1.8,1.8,4.7,6.6,36.0,57.0,102.0,0.1,0.97,1.06,0.1,1.06,0.18,0.46,0.64,0.18,0.64,FW,-4.0,6.0,384.0
159,Jere Uronen,FIN,DF,Schalke 04, Bundesliga,28,11.0,9.0,676.0,7.5,0.0,0.0,0.0,0.0,0.0,0.0,2.0,0.0,0.1,0.1,0.9,1.0,9.0,30.0,17.0,0.0,0.0,0.0,0.0,0.0,0.01,0.12,0.13,0.01,0.13,DF,FIN,DF,Brest, Ligue 1,28,6.0,3.0,300.0,3.3,0.0,1.0,1.0,0.0,0.0,0.0,0.0,0.0,0.0,0.0,0.2,0.2,3.0,15.0,14.0,0.0,0.3,0.3,0.0,0.3,0.01,0.06,0.07,0.01,0.07,DF,5.0,6.0,376.0
160,Yan Valery,TUN,DF,Angers, Ligue 1,23,30.0,30.0,2497.0,27.7,0.0,0.0,0.0,0.0,0.0,0.0,3.0,0.0,0.8,0.8,1.9,2.7,72.0,84.0,74.0,0.0,0.0,0.0,0.0,0.0,0.03,0.07,0.1,0.03,0.1,DF,TUN,DF,Southampton, Premier League,23,1.0,1.0,45.0,0.5,0.0,0.0,0.0,0.0,0.0,0.0,0.0,0.0,0.0,0.0,0.0,0.0,0.0,0.0,0.0,0.0,0.0,0.0,0.0,0.0,0.0,0.0,0.0,0.0,0.0,DF,29.0,29.0,2452.0
161,Ronaldo Vieira,ENG,MF,Sampdoria, Serie A,24,16.0,8.0,815.0,9.1,0.0,0.0,0.0,0.0,0.0,0.0,3.0,0.0,0.4,0.4,0.0,0.4,6.0,39.0,5.0,0.0,0.0,0.0,0.0,0.0,0.04,0.0,0.04,0.04,0.04,MF,ENG,MF,Torino, Serie A,24,2.0,0.0,16.0,0.2,0.0,0.0,0.0,0.0,0.0,0.0,0.0,0.0,0.0,0.0,0.0,0.0,0.0,1.0,0.0,0.0,0.0,0.0,0.0,0.0,0.0,0.0,0.0,0.0,0.0,MF,14.0,8.0,799.0
162,Emanuel Vignato,ITA,"MF,FW",Empoli, Serie A,21,5.0,0.0,57.0,0.6,1.0,0.0,1.0,1.0,0.0,0.0,0.0,0.0,0.2,0.2,0.1,0.3,1.0,7.0,5.0,1.58,0.0,1.58,1.58,1.58,0.3,0.19,0.49,0.3,0.49,MF,ITA,"MF,FW",Bologna, Serie A,21,8.0,2.0,242.0,2.7,0.0,1.0,1.0,0.0,0.0,0.0,1.0,0.0,0.1,0.1,0.4,0.5,3.0,9.0,4.0,0.0,0.37,0.37,0.0,0.37,0.03,0.14,0.17,0.03,0.17,MF,-3.0,-2.0,-185.0
163,Toni Villa,ESP,"MF,FW",Girona, La Liga,27,24.0,12.0,895.0,9.9,1.0,3.0,4.0,1.0,0.0,0.0,2.0,0.0,1.0,1.0,1.6,2.6,37.0,38.0,91.0,0.1,0.3,0.4,0.1,0.4,0.11,0.16,0.26,0.11,0.26,MF,ESP,MF,Valladolid, La Liga,27,2.0,1.0,91.0,1.0,0.0,0.0,0.0,0.0,0.0,0.0,0.0,0.0,0.0,0.0,0.0,0.0,2.0,4.0,5.0,0.0,0.0,0.0,0.0,0.0,0.0,0.02,0.02,0.0,0.02,MF,22.0,11.0,804.0
164,Gonzalo Villar,ESP,MF,Getafe, La Liga,24,16.0,3.0,457.0,5.1,0.0,0.0,0.0,0.0,0.0,0.0,5.0,0.0,0.1,0.1,0.3,0.4,13.0,27.0,9.0,0.0,0.0,0.0,0.0,0.0,0.02,0.06,0.08,0.02,0.08,MF,ESP,MF,Sampdoria, Serie A,24,15.0,8.0,696.0,7.7,0.0,0.0,0.0,0.0,0.0,0.0,2.0,0.0,0.0,0.0,0.0,0.0,9.0,26.0,2.0,0.0,0.0,0.0,0.0,0.0,0.0,0.0,0.0,0.0,0.0,MF,1.0,-5.0,-239.0
165,Matias Vina,URU,DF,Roma, Serie A,24,3.0,1.0,55.0,0.6,0.0,0.0,0.0,0.0,0.0,0.0,0.0,0.0,0.0,0.0,0.1,0.1,2.0,2.0,4.0,0.0,0.0,0.0,0.0,0.0,0.0,0.18,0.18,0.0,0.18,DF,URU,DF,Bournemouth, Premier League,24,12.0,5.0,458.0,5.1,2.0,0.0,2.0,2.0,0.0,0.0,1.0,0.0,0.9,0.9,0.2,1.0,10.0,17.0,19.0,0.39,0.0,0.39,0.39,0.39,0.17,0.03,0.2,0.17,0.2,DF,-9.0,-4.0,-403.0
166,Vitinha,POR,MF,Paris S-G, Ligue 1,22,36.0,29.0,2446.0,27.2,2.0,3.0,5.0,2.0,0.0,0.0,3.0,0.0,3.0,3.0,3.0,6.1,50.0,137.0,94.0,0.07,0.11,0.18,0.07,0.18,0.11,0.11,0.22,0.11,0.22,MF,POR,FW,Marseille, Ligue 1,22,14.0,5.0,464.0,5.2,2.0,0.0,2.0,2.0,0.0,0.0,0.0,0.0,4.0,4.0,0.2,4.2,3.0,9.0,41.0,0.39,0.0,0.39,0.39,0.39,0.77,0.03,0.8,0.77,0.8,FW,22.0,24.0,1982.0
167,Aster Vranckx,BEL,MF,Wolfsburg, Bundesliga,19,1.0,0.0,8.0,0.1,0.0,0.0,0.0,0.0,0.0,0.0,0.0,0.0,0.0,0.0,0.0,0.0,0.0,0.0,0.0,0.0,0.0,0.0,0.0,0.0,0.0,0.0,0.0,0.0,0.0,MF,BEL,MF,Milan, Serie A,19,9.0,2.0,240.0,2.7,0.0,0.0,0.0,0.0,0.0,0.0,1.0,0.0,0.1,0.1,0.3,0.3,2.0,4.0,5.0,0.0,0.0,0.0,0.0,0.0,0.02,0.11,0.12,0.02,0.12,MF,-8.0,-2.0,-232.0
168,Chris Wood,NZL,FW,Nott'ham Forest, Premier League,30,7.0,5.0,372.0,4.1,1.0,0.0,1.0,1.0,0.0,0.0,0.0,0.0,1.0,1.0,0.2,1.2,2.0,7.0,12.0,0.24,0.0,0.24,0.24,0.24,0.23,0.05,0.28,0.23,0.28,FW,NZL,FW,Newcastle Utd, Premier League,30,18.0,4.0,446.0,5.0,2.0,0.0,2.0,1.0,1.0,1.0,0.0,0.0,1.8,1.0,0.3,1.3,1.0,4.0,23.0,0.4,0.0,0.4,0.2,0.2,0.37,0.06,0.43,0.21,0.27,FW,-11.0,1.0,-74.0
169,Christopher Wooh,CMR,MF,Lens, Ligue 1,20,1.0,0.0,4.0,0.0,0.0,0.0,0.0,0.0,0.0,0.0,0.0,0.0,0.0,0.0,0.0,0.0,0.0,0.0,0.0,0.0,0.0,0.0,0.0,0.0,0.0,0.0,0.0,0.0,0.0,MF,CMR,DF,Rennes, Ligue 1,20,13.0,12.0,1006.0,11.2,0.0,0.0,0.0,0.0,0.0,0.0,4.0,0.0,0.7,0.7,0.2,0.9,6.0,38.0,0.0,0.0,0.0,0.0,0.0,0.0,0.06,0.02,0.08,0.06,0.08,DF,-12.0,-12.0,-1002.0
170,Denis Zakaria,SUI,MF,Juventus, Serie A,25,2.0,1.0,123.0,1.4,0.0,0.0,0.0,0.0,0.0,0.0,0.0,0.0,0.0,0.0,0.0,0.0,2.0,3.0,3.0,0.0,0.0,0.0,0.0,0.0,0.0,0.0,0.0,0.0,0.0,MF,SUI,MF,Chelsea, Premier League,25,7.0,5.0,411.0,4.6,0.0,0.0,0.0,0.0,0.0,0.0,0.0,0.0,0.2,0.2,0.0,0.2,9.0,6.0,3.0,0.0,0.0,0.0,0.0,0.0,0.04,0.01,0.05,0.04,0.05,MF,-5.0,-4.0,-288.0
171,Alessandro Zanoli,ITA,DF,Napoli, Serie A,21,1.0,0.0,12.0,0.1,0.0,0.0,0.0,0.0,0.0,0.0,0.0,0.0,0.1,0.1,0.0,0.1,1.0,0.0,2.0,0.0,0.0,0.0,0.0,0.0,0.47,0.0,0.47,0.47,0.47,DF,ITA,DF,Sampdoria, Serie A,21,22.0,16.0,1540.0,17.1,2.0,3.0,5.0,2.0,0.0,0.0,3.0,0.0,2.6,2.6,1.2,3.8,50.0,36.0,60.0,0.12,0.18,0.29,0.12,0.29,0.15,0.07,0.22,0.15,0.22,DF,-21.0,-16.0,-1528.0
172,Akim Zedadka,ALG,"DF,MF",Lille, Ligue 1,27,8.0,4.0,354.0,3.9,1.0,0.0,1.0,1.0,0.0,0.0,1.0,0.0,0.4,0.4,0.5,0.9,6.0,15.0,18.0,0.25,0.0,0.25,0.25,0.25,0.1,0.13,0.22,0.1,0.22,DF,ALG,DF,Auxerre, Ligue 1,27,20.0,19.0,1599.0,17.8,0.0,0.0,0.0,0.0,0.0,0.0,5.0,0.0,0.4,0.4,1.3,1.6,25.0,51.0,71.0,0.0,0.0,0.0,0.0,0.0,0.02,0.07,0.09,0.02,0.09,DF,-12.0,-15.0,-1245.0
173,Nadir Zortea,ITA,DF,Sassuolo, Serie A,23,10.0,7.0,657.0,7.3,0.0,1.0,1.0,0.0,0.0,0.0,4.0,0.0,0.2,0.2,0.7,0.8,24.0,38.0,25.0,0.0,0.14,0.14,0.0,0.14,0.02,0.09,0.11,0.02,0.11,DF,ITA,"DF,MF",Atalanta, Serie A,23,9.0,1.0,222.0,2.5,1.0,0.0,1.0,1.0,0.0,0.0,1.0,0.0,0.1,0.1,0.6,0.7,11.0,9.0,13.0,0.41,0.0,0.41,0.41,0.41,0.05,0.23,0.28,0.05,0.28,DF,1.0,6.0,435.0
174,Szymon Zurkowski,POL,MF,Spezia, Serie A,24,10.0,3.0,427.0,4.7,0.0,0.0,0.0,0.0,0.0,0.0,1.0,0.0,0.6,0.6,0.0,0.6,9.0,10.0,10.0,0.0,0.0,0.0,0.0,0.0,0.12,0.0,0.12,0.12,0.12,MF,POL,MF,Fiorentina, Serie A,24,2.0,0.0,32.0,0.4,0.0,1.0,1.0,0.0,0.0,0.0,0.0,0.0,0.1,0.1,0.0,0.1,3.0,1.0,4.0,0.0,2.81,2.81,0.0,2.81,0.33,0.06,0.4,0.33,0.4,MF,8.0,3.0,395.0
